journal,issn,cas_partition,quality_tier,source,note
ACS Synthetic Biology,2161-5063,Q1,,iikx biology api,CAS biology class; subclass=生化研究方法; IF2024=4.5; eissn=N/A; url=https://www.iikx.com/sci/biology/18262.html
ACTA BIOCHIMICA ET BIOPHYSICA SINICA,1672-9145,Q1,,iikx biology api,CAS biology class; subclass=生化与分子生物学; IF2024=4.5; eissn=1745-7270; url=https://www.iikx.com/sci/biology/9725.html
AGING CELL,1474-9718,Q1,,iikx biology api,CAS biology class; subclass=细胞生物学; IF2024=7.7; eissn=1474-9726; url=https://www.iikx.com/sci/biology/9984.html
AIMS Microbiology,2471-1888,Q1,,iikx biology api,CAS biology class; subclass=; IF2024=5.4; eissn=2471-1888; url=https://www.iikx.com/sci/biology/31817.html
ALGAE,1226-2617,Q1,,iikx biology api,CAS biology class; subclass=海洋与淡水生物学; IF2024=3.3; eissn=2093-0860; url=https://www.iikx.com/sci/biology/19142.html
AMERICAN JOURNAL OF HUMAN BIOLOGY,1042-0533,Q1,,iikx biology api,CAS biology class; subclass=生物学; IF2024=1.9; eissn=1520-6300; url=https://www.iikx.com/sci/biology/10085.html
AMERICAN JOURNAL OF HUMAN GENETICS,0002-9297,Q1,,iikx biology api,CAS biology class; subclass=遗传学; IF2024=7.7; eissn=1537-6605; url=https://www.iikx.com/sci/biology/10086.html
AMERICAN JOURNAL OF PHYSICAL ANTHROPOLOGY,0002-9483,Q1,,iikx biology api,CAS biology class; subclass=进化生物学; IF2024=2.6; eissn=1096-8644; url=https://www.iikx.com/sci/biology/10111.html
AMERICAN JOURNAL OF PHYSIOLOGY-CELL PHYSIOLOGY,0363-6143,Q1,,iikx biology api,CAS biology class; subclass=细胞生物学; IF2024=5.4; eissn=1522-1563; url=https://www.iikx.com/sci/biology/10115.html
AMERICAN JOURNAL OF RESPIRATORY CELL AND MOLECULAR BIOLOGY,1044-1549,Q1,,iikx biology api,CAS biology class; subclass=生化与分子生物学; IF2024=5.4; eissn=1535-4989; url=https://www.iikx.com/sci/biology/10129.html
AMYLOID-JOURNAL OF PROTEIN FOLDING DISORDERS,1350-6129,Q1,,iikx biology api,CAS biology class; subclass=生化与分子生物学; IF2024=5.1; eissn=1744-2818; url=https://www.iikx.com/sci/biology/10154.html
ANIMAL BEHAVIOUR,0003-3472,Q1,,iikx biology api,CAS biology class; subclass=行为科学; IF2024=2.3; eissn=1095-8282; url=https://www.iikx.com/sci/biology/10201.html
ANIMAL COGNITION,1435-9448,Q1,,iikx biology api,CAS biology class; subclass=行为科学; IF2024=2.3; eissn=1435-9456; url=https://www.iikx.com/sci/biology/10205.html
ANIMAL HEALTH RESEARCH REVIEWS,1466-2523,Q1,,iikx biology api,CAS biology class; subclass=兽医学; IF2024=8.1; eissn=1475-2654; url=https://www.iikx.com/sci/biology/19147.html
ANNALS OF BOTANY,0305-7364,Q1,,iikx biology api,CAS biology class; subclass=植物科学; IF2024=4.1; eissn=1095-8290; url=https://www.iikx.com/sci/biology/10257.html
ANNALS OF HUMAN BIOLOGY,0301-4460,Q1,,iikx biology api,CAS biology class; subclass=生物学; IF2024=1.8; eissn=1464-5033; url=https://www.iikx.com/sci/biology/10272.html
ANNALS OF MICROBIOLOGY,1590-4261,Q1,,iikx biology api,CAS biology class; subclass=生物工程与应用微生物; IF2024=5.1; eissn=1869-2044; url=https://www.iikx.com/sci/biology/10280.html
ANNALS OF THE ENTOMOLOGICAL SOCIETY OF AMERICA,0013-8746,Q1,,iikx biology api,CAS biology class; subclass=昆虫学; IF2024=2.2; eissn=1938-2901; url=https://www.iikx.com/sci/biology/10302.html
ANTIOXIDANTS & REDOX SIGNALING,1523-0864,Q1,,iikx biology api,CAS biology class; subclass=生化与分子生物学; IF2024=6.8; eissn=1557-7716; url=https://www.iikx.com/sci/biology/10358.html
APOPTOSIS,1360-8185,Q1,,iikx biology api,CAS biology class; subclass=生化与分子生物学; IF2024=9.0; eissn=1573-675X; url=https://www.iikx.com/sci/biology/10367.html
AUK,0004-8038,Q1,,iikx biology api,CAS biology class; subclass=鸟类学; IF2024=1.9; eissn=2732-4613; url=https://www.iikx.com/sci/biology/10621.html
Acta Crystallographica Section D-Structural Biology,2059-7983,Q1,,iikx biology api,CAS biology class; subclass=生化研究方法; IF2024=4.3; eissn=2059-7983; url=https://www.iikx.com/sci/biology/19134.html
Advances in Applied Microbiology,0065-2164,Q1,,iikx biology api,CAS biology class; subclass=生物工程与应用微生物; IF2024=0.0; eissn=; url=https://www.iikx.com/sci/biology/9889.html
Advances in Insect Physiology,0065-2806,Q1,,iikx biology api,CAS biology class; subclass=昆虫学; IF2024=0.0; eissn=2213-6800; url=https://www.iikx.com/sci/biology/9925.html
Advances in Marine Biology,0065-2881,Q1,,iikx biology api,CAS biology class; subclass=海洋与淡水生物学; IF2024=0.0; eissn=2162-5875; url=https://www.iikx.com/sci/biology/9926.html
Advances in Virus Research,0065-3527,Q1,,iikx biology api,CAS biology class; subclass=病毒学; IF2024=0.0; eissn=1557-8399; url=https://www.iikx.com/sci/biology/9952.html
Algal Research-Biomass Biofuels and Bioproducts,2211-9264,Q1,,iikx biology api,CAS biology class; subclass=生物工程与应用微生物; IF2024=5.0; eissn=2211-9264; url=https://www.iikx.com/sci/biology/18560.html
Alpine Botany,1664-2201,Q1,,iikx biology api,CAS biology class; subclass=植物科学; IF2024=3.9; eissn=1664-221X; url=https://www.iikx.com/sci/biology/17972.html
Animal Biotelemetry,N/A,Q1,,iikx biology api,CAS biology class; subclass=; IF2024=3.0; eissn=2050-3385; url=https://www.iikx.com/sci/biology/36432.html
Animal Cells and Systems,1976-8354,Q1,,iikx biology api,CAS biology class; subclass=细胞生物学; IF2024=3.6; eissn=2151-2485; url=https://www.iikx.com/sci/biology/10204.html
Animal Microbiome,N/A,Q1,,iikx biology api,CAS biology class; subclass=; IF2024=4.5; eissn=2524-4671; url=https://www.iikx.com/sci/biology/32233.html
Annual Review of Animal Biosciences,2165-8102,Q1,,iikx biology api,CAS biology class; subclass=奶制品与动物科学; IF2024=12.3; eissn=2165-8110; url=https://www.iikx.com/sci/biology/18569.html
Annual Review of Biochemistry,0066-4154,Q1,,iikx biology api,CAS biology class; subclass=生化与分子生物学; IF2024=24.9; eissn=1545-4509; url=https://www.iikx.com/sci/biology/10318.html
Annual Review of Biophysics,1936-122X,Q1,,iikx biology api,CAS biology class; subclass=生物物理; IF2024=12.9; eissn=1936-1238; url=https://www.iikx.com/sci/biology/10320.html
Annual Review of Cell and Developmental Biology,1081-0706,Q1,,iikx biology api,CAS biology class; subclass=细胞生物学; IF2024=12.5; eissn=1530-8995; url=https://www.iikx.com/sci/biology/10321.html
Annual Review of Ecology Evolution and Systematics,1543-592X,Q1,,iikx biology api,CAS biology class; subclass=生态学; IF2024=12.9; eissn=1545-2069; url=https://www.iikx.com/sci/biology/10324.html
Annual Review of Entomology,0066-4170,Q1,,iikx biology api,CAS biology class; subclass=昆虫学; IF2024=16.9; eissn=1545-4487; url=https://www.iikx.com/sci/biology/10325.html
Annual Review of Genetics,0066-4197,Q1,,iikx biology api,CAS biology class; subclass=遗传学; IF2024=9.1; eissn=1545-2948; url=https://www.iikx.com/sci/biology/10328.html
Annual Review of Genomics and Human Genetics,1527-8204,Q1,,iikx biology api,CAS biology class; subclass=遗传学; IF2024=8.3; eissn=1545-293X; url=https://www.iikx.com/sci/biology/10329.html
Annual Review of Microbiology,0066-4227,Q1,,iikx biology api,CAS biology class; subclass=微生物学; IF2024=12.2; eissn=1545-3251; url=https://www.iikx.com/sci/biology/10335.html
Annual Review of Plant Biology,1543-5008,Q1,,iikx biology api,CAS biology class; subclass=植物科学; IF2024=26.4; eissn=1545-2123; url=https://www.iikx.com/sci/biology/10344.html
Asian Herpetological Research,2095-0357,Q1,,iikx biology api,CAS biology class; subclass=动物学; IF2024=2.2; eissn=2095-0357; url=https://www.iikx.com/sci/biology/17982.html
Autophagy,1554-8627,Q1,,iikx biology api,CAS biology class; subclass=细胞生物学; IF2024=18.6; eissn=1554-8635; url=https://www.iikx.com/sci/biology/10672.html
Avian Research,2053-7166,Q1,,iikx biology api,CAS biology class; subclass=鸟类学; IF2024=2.2; eissn=2053-7166; url=https://www.iikx.com/sci/biology/19158.html
BBA Advances,N/A,Q1,,iikx biology api,CAS biology class; subclass=; IF2024=4.5; eissn=2667-1603; url=https://www.iikx.com/sci/biology/70722.html
BEHAVIORAL ECOLOGY AND SOCIOBIOLOGY,0340-5443,Q1,,iikx biology api,CAS biology class; subclass=行为科学; IF2024=2.0; eissn=1432-0762; url=https://www.iikx.com/sci/biology/10702.html
BIOACOUSTICS-THE INTERNATIONAL JOURNAL OF ANIMAL SOUND AND ITS RECORDING,0952-4622,Q1,,iikx biology api,CAS biology class; subclass=动物学; IF2024=2.1; eissn=2165-0586; url=https://www.iikx.com/sci/biology/10729.html
BIOCHIMICA ET BIOPHYSICA ACTA-MOLECULAR AND CELL BIOLOGY OF LIPIDS,1388-1981,Q1,,iikx biology api,CAS biology class; subclass=生化与分子生物学; IF2024=3.8; eissn=1879-2618; url=https://www.iikx.com/sci/biology/10750.html
BIOCHIMICA ET BIOPHYSICA ACTA-MOLECULAR BASIS OF DISEASE,0925-4439,Q1,,iikx biology api,CAS biology class; subclass=生化与分子生物学; IF2024=5.0; eissn=1879-260X; url=https://www.iikx.com/sci/biology/10751.html
BIOCONJUGATE CHEMISTRY,1043-1802,Q1,,iikx biology api,CAS biology class; subclass=生化研究方法; IF2024=4.5; eissn=1520-4812; url=https://www.iikx.com/sci/biology/10757.html
BIOCONTROL,1386-6141,Q1,,iikx biology api,CAS biology class; subclass=昆虫学; IF2024=2.5; eissn=1573-8248; url=https://www.iikx.com/sci/biology/10758.html
BIOELECTROCHEMISTRY,1567-5394,Q1,,iikx biology api,CAS biology class; subclass=生化与分子生物学; IF2024=4.9; eissn=1878-562X; url=https://www.iikx.com/sci/biology/10765.html
BIOESSAYS,0265-9247,Q1,,iikx biology api,CAS biology class; subclass=生化与分子生物学; IF2024=3.3; eissn=1521-1878; url=https://www.iikx.com/sci/biology/10768.html
BIOFACTORS,0951-6433,Q1,,iikx biology api,CAS biology class; subclass=生化与分子生物学; IF2024=5.2; eissn=1872-8081; url=https://www.iikx.com/sci/biology/10770.html
BIOINFORMATICS,1367-4803,Q1,,iikx biology api,CAS biology class; subclass=生化研究方法; IF2024=5.5; eissn=1367-4811; url=https://www.iikx.com/sci/biology/10777.html
BIOLOGICAL CONTROL,1049-9644,Q1,,iikx biology api,CAS biology class; subclass=生物工程与应用微生物; IF2024=4.0; eissn=1090-2112; url=https://www.iikx.com/sci/biology/10788.html
BIOLOGICAL PROCEDURES ONLINE,N/A,Q1,,iikx biology api,CAS biology class; subclass=生化研究方法; IF2024=4.9; eissn=1480-9222; url=https://www.iikx.com/sci/biology/10792.html
BIOLOGICAL RESEARCH,0716-9760,Q1,,iikx biology api,CAS biology class; subclass=生物学; IF2024=5.4; eissn=0717-6287; url=https://www.iikx.com/sci/biology/10795.html
BIOLOGICAL REVIEWS,1464-7931,Q1,,iikx biology api,CAS biology class; subclass=生物学; IF2024=10.9; eissn=1469-185X; url=https://www.iikx.com/sci/biology/10797.html
BIOLOGY & PHILOSOPHY,0169-3867,Q1,,iikx biology api,CAS biology class; subclass=; IF2024=1.3; eissn=1572-8404; url=https://www.iikx.com/sci/biology/40307.html
BIOLOGY OF SPORT,0860-021X,Q1,,iikx biology api,CAS biology class; subclass=运动科学; IF2024=6.4; eissn=2083-1862; url=https://www.iikx.com/sci/biology/10812.html
BIOMASS & BIOENERGY,0961-9534,Q1,,iikx biology api,CAS biology class; subclass=; IF2024=7.0; eissn=1873-2909; url=https://www.iikx.com/sci/biology/29689.html
BIOMETRICAL JOURNAL,0323-3847,Q1,,iikx biology api,CAS biology class; subclass=数学与计算生物学; IF2024=2.1; eissn=1521-4036; url=https://www.iikx.com/sci/biology/10834.html
BIOORGANIC & MEDICINAL CHEMISTRY,0968-0896,Q1,,iikx biology api,CAS biology class; subclass=; IF2024=3.5; eissn=1464-3391; url=https://www.iikx.com/sci/biology/35879.html
BIOORGANIC CHEMISTRY,0045-2068,Q1,,iikx biology api,CAS biology class; subclass=生化与分子生物学; IF2024=5.1; eissn=1090-2120; url=https://www.iikx.com/sci/biology/10842.html
BIOSCIENCE,0006-3568,Q1,,iikx biology api,CAS biology class; subclass=生物学; IF2024=9.5; eissn=1525-3244; url=https://www.iikx.com/sci/biology/10854.html
BIOSENSORS & BIOELECTRONICS,0956-5663,Q1,,iikx biology api,CAS biology class; subclass=; IF2024=11.8; eissn=1873-4235; url=https://www.iikx.com/sci/biology/35466.html
BIOSTATISTICS,1465-4644,Q1,,iikx biology api,CAS biology class; subclass=数学与计算生物学; IF2024=2.1; eissn=1468-4357; url=https://www.iikx.com/sci/biology/10859.html
BIRD CONSERVATION INTERNATIONAL,0959-2709,Q1,,iikx biology api,CAS biology class; subclass=生物多样性保护; IF2024=1.9; eissn=1474-0001; url=https://www.iikx.com/sci/biology/10879.html
BMC BIOINFORMATICS,1471-2105,Q1,,iikx biology api,CAS biology class; subclass=生化研究方法; IF2024=4.4; eissn=1471-2105; url=https://www.iikx.com/sci/biology/10898.html
BMC BIOLOGY,N/A,Q1,,iikx biology api,CAS biology class; subclass=生物学; IF2024=5.4; eissn=1741-7007; url=https://www.iikx.com/sci/biology/10899.html
BMC MICROBIOLOGY,1471-2180,Q1,,iikx biology api,CAS biology class; subclass=微生物学; IF2024=5.4; eissn=1471-2180; url=https://www.iikx.com/sci/biology/10920.html
BMC PLANT BIOLOGY,1471-2229,Q1,,iikx biology api,CAS biology class; subclass=植物科学; IF2024=5.6; eissn=1471-2229; url=https://www.iikx.com/sci/biology/10926.html
BMC Zoology,N/A,Q1,,iikx biology api,CAS biology class; subclass=动物学; IF2024=2.2; eissn=2056-3132; url=https://www.iikx.com/sci/biology/40392.html
BOTANICAL REVIEW,0006-8101,Q1,,iikx biology api,CAS biology class; subclass=植物科学; IF2024=5.4; eissn=1874-9372; url=https://www.iikx.com/sci/biology/10952.html
BRIEFINGS IN BIOINFORMATICS,1467-5463,Q1,,iikx biology api,CAS biology class; subclass=生化研究方法; IF2024=7.3; eissn=1477-4054; url=https://www.iikx.com/sci/biology/10995.html
BioChip Journal,1976-0280,Q1,,iikx biology api,CAS biology class; subclass=生化研究方法; IF2024=6.7; eissn=2092-7843; url=https://www.iikx.com/sci/biology/10756.html
BioData Mining,1756-0381,Q1,,iikx biology api,CAS biology class; subclass=数学与计算生物学; IF2024=7.9; eissn=1756-0381; url=https://www.iikx.com/sci/biology/18586.html
BioScience Trends,1881-7815,Q1,,iikx biology api,CAS biology class; subclass=生物学; IF2024=4.9; eissn=1881-7823; url=https://www.iikx.com/sci/biology/17878.html
Bioengineered,2165-5979,Q1,,iikx biology api,CAS biology class; subclass=生物工程与应用微生物; IF2024=4.2; eissn=2165-5987; url=https://www.iikx.com/sci/biology/19160.html
Biofilm,2590-2075,Q1,,iikx biology api,CAS biology class; subclass=; IF2024=6.7; eissn=2590-2075; url=https://www.iikx.com/sci/biology/33373.html
Biology Direct,N/A,Q1,,iikx biology api,CAS biology class; subclass=生物学; IF2024=5.5; eissn=1745-6150; url=https://www.iikx.com/sci/biology/10808.html
Biology-Basel,N/A,Q1,,iikx biology api,CAS biology class; subclass=生物学; IF2024=4.3; eissn=2079-7737; url=https://www.iikx.com/sci/biology/33559.html
Biomolecules,N/A,Q1,,iikx biology api,CAS biology class; subclass=生化与分子生物学; IF2024=5.6; eissn=2218-273X; url=https://www.iikx.com/sci/biology/27533.html
Biophysical Reviews,1867-2450,Q1,,iikx biology api,CAS biology class; subclass=; IF2024=5.0; eissn=1867-2469; url=https://www.iikx.com/sci/biology/64821.html
Biosemiotics,1875-1342,Q1,,iikx biology api,CAS biology class; subclass=科学史与科学哲学; IF2024=1.6; eissn=1875-1350; url=https://www.iikx.com/sci/biology/17991.html
CBE-Life Sciences Education,1931-7913,Q1,,iikx biology api,CAS biology class; subclass=学科教育; IF2024=3.6; eissn=1931-7913; url=https://www.iikx.com/sci/biology/11208.html
CELL,0092-8674,Q1,,iikx biology api,CAS biology class; subclass=生化与分子生物学; IF2024=45.1; eissn=1097-4172; url=https://www.iikx.com/sci/biology/11211.html
CELL BIOLOGY AND TOXICOLOGY,0742-2091,Q1,,iikx biology api,CAS biology class; subclass=细胞生物学; IF2024=5.7; eissn=1573-6822; url=https://www.iikx.com/sci/biology/11216.html
CELL CALCIUM,0143-4160,Q1,,iikx biology api,CAS biology class; subclass=细胞生物学; IF2024=4.9; eissn=1532-1991; url=https://www.iikx.com/sci/biology/11218.html
CELL DEATH AND DIFFERENTIATION,1350-9047,Q1,,iikx biology api,CAS biology class; subclass=生化与分子生物学; IF2024=13.6; eissn=1476-5403; url=https://www.iikx.com/sci/biology/11222.html
CELL PROLIFERATION,0960-7722,Q1,,iikx biology api,CAS biology class; subclass=细胞生物学; IF2024=7.6; eissn=1365-2184; url=https://www.iikx.com/sci/biology/11225.html
CELL RESEARCH,1001-0602,Q1,,iikx biology api,CAS biology class; subclass=细胞生物学; IF2024=31.1; eissn=1748-7838; url=https://www.iikx.com/sci/biology/11226.html
CELLULAR & MOLECULAR BIOLOGY LETTERS,1425-8153,Q1,,iikx biology api,CAS biology class; subclass=生化与分子生物学; IF2024=12.2; eissn=1689-1392; url=https://www.iikx.com/sci/biology/11232.html
CELLULAR AND MOLECULAR LIFE SCIENCES,1420-682X,Q1,,iikx biology api,CAS biology class; subclass=生化与分子生物学; IF2024=6.5; eissn=1420-9071; url=https://www.iikx.com/sci/biology/11236.html
CELLULAR AND MOLECULAR NEUROBIOLOGY,0272-4340,Q1,,iikx biology api,CAS biology class; subclass=细胞生物学; IF2024=7.4; eissn=1573-6830; url=https://www.iikx.com/sci/biology/11237.html
CHEMICO-BIOLOGICAL INTERACTIONS,0009-2797,Q1,,iikx biology api,CAS biology class; subclass=生化与分子生物学; IF2024=5.2; eissn=1872-7786; url=https://www.iikx.com/sci/biology/11307.html
CLADISTICS,0748-3007,Q1,,iikx biology api,CAS biology class; subclass=进化生物学; IF2024=8.9; eissn=1096-0031; url=https://www.iikx.com/sci/biology/11406.html
COLLOIDS AND SURFACES B-BIOINTERFACES,0927-7765,Q1,,iikx biology api,CAS biology class; subclass=生物物理; IF2024=5.9; eissn=1873-4367; url=https://www.iikx.com/sci/biology/11539.html
COMPARATIVE BIOCHEMISTRY AND PHYSIOLOGY A-MOLECULAR & INTEGRATIVE PHYSIOLOGY,1095-6433,Q1,,iikx biology api,CAS biology class; subclass=生化与分子生物学; IF2024=2.4; eissn=1531-4332; url=https://www.iikx.com/sci/biology/11573.html
COMPARATIVE BIOCHEMISTRY AND PHYSIOLOGY B-BIOCHEMISTRY & MOLECULAR BIOLOGY,1096-4959,Q1,,iikx biology api,CAS biology class; subclass=生化与分子生物学; IF2024=2.5; eissn=1879-1107; url=https://www.iikx.com/sci/biology/11574.html
COMPARATIVE BIOCHEMISTRY AND PHYSIOLOGY C-TOXICOLOGY & PHARMACOLOGY,1532-0456,Q1,,iikx biology api,CAS biology class; subclass=; IF2024=4.4; eissn=1878-1659; url=https://www.iikx.com/sci/biology/34154.html
COMPUTATIONAL BIOLOGY AND CHEMISTRY,1476-9271,Q1,,iikx biology api,CAS biology class; subclass=生物学; IF2024=3.4; eissn=1476-928X; url=https://www.iikx.com/sci/biology/11609.html
CONDOR,0010-5422,Q1,,iikx biology api,CAS biology class; subclass=鸟类学; IF2024=2.7; eissn=2732-4621; url=https://www.iikx.com/sci/biology/11672.html
COPEIA,0045-8511,Q1,,iikx biology api,CAS biology class; subclass=动物学; IF2024=0.0; eissn=; url=https://www.iikx.com/sci/biology/11702.html
CORAL REEFS,0722-4028,Q1,,iikx biology api,CAS biology class; subclass=海洋与淡水生物学; IF2024=3.5; eissn=1432-0975; url=https://www.iikx.com/sci/biology/11703.html
CRITICAL REVIEWS IN BIOCHEMISTRY AND MOLECULAR BIOLOGY,1040-9238,Q1,,iikx biology api,CAS biology class; subclass=生化与分子生物学; IF2024=8.7; eissn=1549-7798; url=https://www.iikx.com/sci/biology/11720.html
CRITICAL REVIEWS IN MICROBIOLOGY,1040-841X,Q1,,iikx biology api,CAS biology class; subclass=微生物学; IF2024=7.0; eissn=1549-7828; url=https://www.iikx.com/sci/biology/11727.html
CRITICAL REVIEWS IN PLANT SCIENCES,0735-2689,Q1,,iikx biology api,CAS biology class; subclass=植物科学; IF2024=7.5; eissn=1549-7836; url=https://www.iikx.com/sci/biology/11729.html
CURRENT BIOLOGY,0960-9822,Q1,,iikx biology api,CAS biology class; subclass=生化与分子生物学; IF2024=7.7; eissn=1879-0445; url=https://www.iikx.com/sci/biology/11764.html
CURRENT OPINION IN CHEMICAL BIOLOGY,1367-5931,Q1,,iikx biology api,CAS biology class; subclass=生化与分子生物学; IF2024=7.2; eissn=1879-0402; url=https://www.iikx.com/sci/biology/11792.html
CURRENT OPINION IN GENETICS & DEVELOPMENT,0959-437X,Q1,,iikx biology api,CAS biology class; subclass=细胞生物学; IF2024=4.3; eissn=1879-0380; url=https://www.iikx.com/sci/biology/11798.html
CURRENT OPINION IN MICROBIOLOGY,1369-5274,Q1,,iikx biology api,CAS biology class; subclass=微生物学; IF2024=8.0; eissn=1879-0364; url=https://www.iikx.com/sci/biology/11804.html
CURRENT OPINION IN PLANT BIOLOGY,1369-5266,Q1,,iikx biology api,CAS biology class; subclass=植物科学; IF2024=7.3; eissn=1879-0356; url=https://www.iikx.com/sci/biology/11816.html
CURRENT OPINION IN STRUCTURAL BIOLOGY,0959-440X,Q1,,iikx biology api,CAS biology class; subclass=生化与分子生物学; IF2024=7.8; eissn=1879-033X; url=https://www.iikx.com/sci/biology/11821.html
CYTOKINE & GROWTH FACTOR REVIEWS,1359-6101,Q1,,iikx biology api,CAS biology class; subclass=生化与分子生物学; IF2024=13.4; eissn=1879-0305; url=https://www.iikx.com/sci/biology/11855.html
Cancer & Metabolism,N/A,Q1,,iikx biology api,CAS biology class; subclass=; IF2024=5.9; eissn=2049-3002; url=https://www.iikx.com/sci/biology/33582.html
Cell Chemical Biology,2451-9456,Q1,,iikx biology api,CAS biology class; subclass=生化与分子生物学; IF2024=9.0; eissn=2451-9448; url=https://www.iikx.com/sci/biology/19513.html
Cell Communication and Signaling,N/A,Q1,,iikx biology api,CAS biology class; subclass=细胞生物学; IF2024=11.6; eissn=1478-811X; url=https://www.iikx.com/sci/biology/11220.html
Cell Death & Disease,2041-4889,Q1,,iikx biology api,CAS biology class; subclass=细胞生物学; IF2024=12.2; eissn=2041-4889; url=https://www.iikx.com/sci/biology/17920.html
Cell Discovery,N/A,Q1,,iikx biology api,CAS biology class; subclass=细胞生物学; IF2024=16.9; eissn=2056-5968; url=https://www.iikx.com/sci/biology/19568.html
Cell Host & Microbe,1931-3128,Q1,,iikx biology api,CAS biology class; subclass=微生物学; IF2024=23.2; eissn=1934-6069; url=https://www.iikx.com/sci/biology/11223.html
Cell Metabolism,1550-4131,Q1,,iikx biology api,CAS biology class; subclass=细胞生物学; IF2024=37.0; eissn=1932-7420; url=https://www.iikx.com/sci/biology/11224.html
Cell Reports,2211-1247,Q1,,iikx biology api,CAS biology class; subclass=细胞生物学; IF2024=7.7; eissn=2211-1247; url=https://www.iikx.com/sci/biology/18308.html
Cell Stem Cell,1934-5909,Q1,,iikx biology api,CAS biology class; subclass=细胞与组织工程; IF2024=23.3; eissn=1875-9777; url=https://www.iikx.com/sci/biology/11227.html
Cell Surface,2468-2330,Q1,,iikx biology api,CAS biology class; subclass=; IF2024=9.3; eissn=2468-2330; url=https://www.iikx.com/sci/biology/67379.html
Cell Systems,2405-4712,Q1,,iikx biology api,CAS biology class; subclass=生化与分子生物学; IF2024=7.5; eissn=2405-4720; url=https://www.iikx.com/sci/biology/19387.html
Cell and Bioscience,N/A,Q1,,iikx biology api,CAS biology class; subclass=生化与分子生物学; IF2024=6.5; eissn=2045-3701; url=https://www.iikx.com/sci/biology/18307.html
Cold Spring Harbor Perspectives in Biology,1943-0264,Q1,,iikx biology api,CAS biology class; subclass=细胞生物学; IF2024=8.5; eissn=1943-0264; url=https://www.iikx.com/sci/biology/17919.html
Communications Biology,N/A,Q1,,iikx biology api,CAS biology class; subclass=生物学; IF2024=5.8; eissn=2399-3642; url=https://www.iikx.com/sci/biology/25283.html
Cosmetics,N/A,Q1,,iikx biology api,CAS biology class; subclass=; IF2024=4.1; eissn=2079-9284; url=https://www.iikx.com/sci/biology/33169.html
Current Molecular Pharmacology,1874-4672,Q1,,iikx biology api,CAS biology class; subclass=生化与分子生物学; IF2024=7.2; eissn=1874-4702; url=https://www.iikx.com/sci/biology/19621.html
Current Opinion in Insect Science,2214-5745,Q1,,iikx biology api,CAS biology class; subclass=生物学; IF2024=5.5; eissn=2214-5753; url=https://www.iikx.com/sci/biology/19176.html
Current Research in Biotechnology,2590-2628,Q1,,iikx biology api,CAS biology class; subclass=; IF2024=6.7; eissn=2590-2628; url=https://www.iikx.com/sci/biology/71910.html
Current Research in Insect Science,N/A,Q1,,iikx biology api,CAS biology class; subclass=; IF2024=2.3; eissn=2666-5158; url=https://www.iikx.com/sci/biology/70799.html
Current Research in Microbial Sciences,2666-5174,Q1,,iikx biology api,CAS biology class; subclass=; IF2024=5.6; eissn=2666-5174; url=https://www.iikx.com/sci/biology/72090.html
Current Research in Structural Biology,N/A,Q1,,iikx biology api,CAS biology class; subclass=; IF2024=4.2; eissn=2665-928X; url=https://www.iikx.com/sci/biology/26971.html
Current Topics in Developmental Biology,0070-2153,Q1,,iikx biology api,CAS biology class; subclass=发育生物学; IF2024=0.0; eissn=1557-8933; url=https://www.iikx.com/sci/biology/11838.html
Current Zoology,1674-5507,Q1,,iikx biology api,CAS biology class; subclass=动物学; IF2024=2.1; eissn=2396-9814; url=https://www.iikx.com/sci/biology/18624.html
DEVELOPMENT,0950-1991,Q1,,iikx biology api,CAS biology class; subclass=发育生物学; IF2024=4.0; eissn=1477-9129; url=https://www.iikx.com/sci/biology/11905.html
DEVELOPMENTAL CELL,1534-5807,Q1,,iikx biology api,CAS biology class; subclass=细胞生物学; IF2024=9.2; eissn=1878-1551; url=https://www.iikx.com/sci/biology/11910.html
DIFFERENTIATION,0301-4681,Q1,,iikx biology api,CAS biology class; subclass=细胞生物学; IF2024=4.0; eissn=1432-0436; url=https://www.iikx.com/sci/biology/11943.html
Disease Models & Mechanisms,1754-8403,Q1,,iikx biology api,CAS biology class; subclass=; IF2024=3.6; eissn=1754-8411; url=https://www.iikx.com/sci/biology/29715.html
EMBO JOURNAL,0261-4189,Q1,,iikx biology api,CAS biology class; subclass=生化与分子生物学; IF2024=8.4; eissn=1460-2075; url=https://www.iikx.com/sci/biology/12112.html
EMBO REPORTS,1469-221X,Q1,,iikx biology api,CAS biology class; subclass=生化与分子生物学; IF2024=6.0; eissn=1469-3178; url=https://www.iikx.com/sci/biology/12114.html
ENTOMOLOGIA GENERALIS,0171-8177,Q1,,iikx biology api,CAS biology class; subclass=昆虫学; IF2024=4.3; eissn=2363-7102; url=https://www.iikx.com/sci/biology/12170.html
EUROPEAN JOURNAL OF HUMAN GENETICS,1018-4813,Q1,,iikx biology api,CAS biology class; subclass=生化与分子生物学; IF2024=4.6; eissn=1476-5438; url=https://www.iikx.com/sci/biology/12303.html
EVOLUTION AND HUMAN BEHAVIOR,1090-5138,Q1,,iikx biology api,CAS biology class; subclass=行为科学; IF2024=2.9; eissn=1879-0607; url=https://www.iikx.com/sci/biology/12381.html
EXCLI Journal,1611-2156,Q1,,iikx biology api,CAS biology class; subclass=生物学; IF2024=6.2; eissn=1611-2156; url=https://www.iikx.com/sci/biology/12388.html
EXPERIMENTAL AND APPLIED ACAROLOGY,0168-8162,Q1,,iikx biology api,CAS biology class; subclass=昆虫学; IF2024=2.2; eissn=1572-9702; url=https://www.iikx.com/sci/biology/12393.html
EXPERIMENTAL ANIMALS,1341-1357,Q1,,iikx biology api,CAS biology class; subclass=兽医学; IF2024=2.0; eissn=1881-7122; url=https://www.iikx.com/sci/biology/12400.html
Egyptian Journal of Aquatic Research,1687-4285,Q1,,iikx biology api,CAS biology class; subclass=; IF2024=3.1; eissn=2090-3278; url=https://www.iikx.com/sci/biology/27351.html
Egyptian Journal of Biological Pest Control,1110-1768,Q1,,iikx biology api,CAS biology class; subclass=昆虫学; IF2024=2.5; eissn=2536-9342; url=https://www.iikx.com/sci/biology/12077.html
Emerging Microbes & Infections,N/A,Q1,,iikx biology api,CAS biology class; subclass=; IF2024=7.0; eissn=2222-1751; url=https://www.iikx.com/sci/biology/20610.html
Emerging Topics in Life Sciences,2397-8554,Q1,,iikx biology api,CAS biology class; subclass=; IF2024=6.0; eissn=2397-8562; url=https://www.iikx.com/sci/biology/28387.html
Environmental Technology & Innovation,2352-1864,Q1,,iikx biology api,CAS biology class; subclass=生物工程与应用微生物; IF2024=7.3; eissn=2352-1864; url=https://www.iikx.com/sci/biology/20871.html
Epigenetics & Chromatin,N/A,Q1,,iikx biology api,CAS biology class; subclass=遗传学; IF2024=4.4; eissn=1756-8935; url=https://www.iikx.com/sci/biology/17943.html
Essays in Biochemistry,0071-1365,Q1,,iikx biology api,CAS biology class; subclass=生化与分子生物学; IF2024=5.7; eissn=1744-1358; url=https://www.iikx.com/sci/biology/12242.html
Evolution Letters,N/A,Q1,,iikx biology api,CAS biology class; subclass=进化生物学; IF2024=4.3; eissn=2056-3744; url=https://www.iikx.com/sci/biology/25312.html
Expert Opinion on Drug Metabolism & Toxicology,1742-5255,Q1,,iikx biology api,CAS biology class; subclass=; IF2024=4.5; eissn=1744-7607; url=https://www.iikx.com/sci/biology/33758.html
FASEB JOURNAL,0892-6638,Q1,,iikx biology api,CAS biology class; subclass=生化与分子生物学; IF2024=4.3; eissn=1530-6860; url=https://www.iikx.com/sci/biology/12454.html
FEMS MICROBIOLOGY REVIEWS,0168-6445,Q1,,iikx biology api,CAS biology class; subclass=微生物学; IF2024=16.9; eissn=1574-6976; url=https://www.iikx.com/sci/biology/12461.html
FISH & SHELLFISH IMMUNOLOGY,1050-4648,Q1,,iikx biology api,CAS biology class; subclass=; IF2024=4.2; eissn=1095-9947; url=https://www.iikx.com/sci/biology/34058.html
FRESHWATER BIOLOGY,0046-5070,Q1,,iikx biology api,CAS biology class; subclass=生态学; IF2024=2.6; eissn=1365-2427; url=https://www.iikx.com/sci/biology/12579.html
FUNGAL DIVERSITY,1560-2745,Q1,,iikx biology api,CAS biology class; subclass=真菌学; IF2024=27.0; eissn=1878-9129; url=https://www.iikx.com/sci/biology/12605.html
Food & Function,2042-6496,Q1,,iikx biology api,CAS biology class; subclass=; IF2024=6.3; eissn=2042-650X; url=https://www.iikx.com/sci/biology/25399.html
Forensic Science International-Genetics,1872-4973,Q1,,iikx biology api,CAS biology class; subclass=遗传学; IF2024=3.6; eissn=1878-0326; url=https://www.iikx.com/sci/biology/12548.html
Frontiers in Cell and Developmental Biology,2296-634X,Q1,,iikx biology api,CAS biology class; subclass=细胞生物学; IF2024=5.3; eissn=2296-634X; url=https://www.iikx.com/sci/biology/27520.html
Frontiers in Fungal Biology,N/A,Q1,,iikx biology api,CAS biology class; subclass=; IF2024=4.3; eissn=2673-6128; url=https://www.iikx.com/sci/biology/70353.html
Frontiers in Marine Science,N/A,Q1,,iikx biology api,CAS biology class; subclass=海洋与淡水生物学; IF2024=3.4; eissn=2296-7745; url=https://www.iikx.com/sci/biology/33498.html
Frontiers in Microbiology,N/A,Q1,,iikx biology api,CAS biology class; subclass=微生物学; IF2024=5.8; eissn=1664-302X; url=https://www.iikx.com/sci/biology/18650.html
Frontiers in Plant Science,1664-462X,Q1,,iikx biology api,CAS biology class; subclass=植物科学; IF2024=5.9; eissn=1664-462X; url=https://www.iikx.com/sci/biology/18651.html
Frontiers in Zoology,1742-9994,Q1,,iikx biology api,CAS biology class; subclass=动物学; IF2024=2.8; eissn=1742-9994; url=https://www.iikx.com/sci/biology/12584.html
Function,N/A,Q1,,iikx biology api,CAS biology class; subclass=; IF2024=5.0; eissn=2633-8823; url=https://www.iikx.com/sci/biology/33217.html
Fungal Biology Reviews,1749-4613,Q1,,iikx biology api,CAS biology class; subclass=真菌学; IF2024=4.1; eissn=1878-0253; url=https://www.iikx.com/sci/biology/19205.html
GENES & DEVELOPMENT,0890-9369,Q1,,iikx biology api,CAS biology class; subclass=细胞生物学; IF2024=7.4; eissn=1549-5477; url=https://www.iikx.com/sci/biology/12644.html
GENETICS,0016-6731,Q1,,iikx biology api,CAS biology class; subclass=遗传学; IF2024=6.5; eissn=1943-2631; url=https://www.iikx.com/sci/biology/12660.html
GENETICS SELECTION EVOLUTION,0999-193X,Q1,,iikx biology api,CAS biology class; subclass=奶制品与动物科学; IF2024=4.4; eissn=1297-9686; url=https://www.iikx.com/sci/biology/12665.html
GENOME BIOLOGY,1474-760X,Q1,,iikx biology api,CAS biology class; subclass=生物工程与应用微生物; IF2024=9.2; eissn=1474-760X; url=https://www.iikx.com/sci/biology/12668.html
GENOME RESEARCH,1088-9051,Q1,,iikx biology api,CAS biology class; subclass=生化与分子生物学; IF2024=6.3; eissn=1549-5469; url=https://www.iikx.com/sci/biology/12670.html
GENOMICS PROTEOMICS & BIOINFORMATICS,1672-0229,Q1,,iikx biology api,CAS biology class; subclass=遗传学; IF2024=7.2; eissn=2210-3244; url=https://www.iikx.com/sci/other/19545.html
GM Crops & Food-Biotechnology in Agriculture and the Food Chain,2164-5698,Q1,,iikx biology api,CAS biology class; subclass=生物工程与应用微生物; IF2024=4.3; eissn=2164-5701; url=https://www.iikx.com/sci/biology/19604.html
Genes & Diseases,2352-4820,Q1,,iikx biology api,CAS biology class; subclass=; IF2024=14.6; eissn=2352-3042; url=https://www.iikx.com/sci/biology/23032.html
Genes and Diseases,2352-4820,Q1,,iikx biology api,CAS biology class; subclass=; IF2024=14.6; eissn=2352-3042; url=https://www.iikx.com/sci/biology/66584.html
Genome Medicine,1756-994X,Q1,,iikx biology api,CAS biology class; subclass=遗传学; IF2024=10.8; eissn=1756-994X; url=https://www.iikx.com/sci/biology/18358.html
HARMFUL ALGAE,1568-9883,Q1,,iikx biology api,CAS biology class; subclass=海洋与淡水生物学; IF2024=4.1; eissn=1878-1470; url=https://www.iikx.com/sci/biology/12787.html
HISTOCHEMISTRY AND CELL BIOLOGY,0948-6143,Q1,,iikx biology api,CAS biology class; subclass=细胞生物学; IF2024=2.9; eissn=1432-119X; url=https://www.iikx.com/sci/biology/12864.html
HISTORICAL BIOLOGY,1042-0940,Q1,,iikx biology api,CAS biology class; subclass=古生物学; IF2024=2.0; eissn=1563-5236; url=https://www.iikx.com/sci/biology/17812.html
Horticultural Plant Journal,2095-9885,Q1,,iikx biology api,CAS biology class; subclass=园艺; IF2024=7.1; eissn=2468-0141; url=https://www.iikx.com/sci/biology/34499.html
Human Reproduction Open,N/A,Q1,,iikx biology api,CAS biology class; subclass=; IF2024=8.6; eissn=2399-3529; url=https://www.iikx.com/sci/biology/23068.html
IBIS,0019-1019,Q1,,iikx biology api,CAS biology class; subclass=鸟类学; IF2024=2.9; eissn=1474-919X; url=https://www.iikx.com/sci/biology/12935.html
ICHNOS-AN INTERNATIONAL JOURNAL FOR PLANT AND ANIMAL TRACES,1042-0940,Q1,,iikx biology api,CAS biology class; subclass=古生物学; IF2024=2.0; eissn=1563-5236; url=https://www.iikx.com/sci/biology/12941.html
INSECT BIOCHEMISTRY AND MOLECULAR BIOLOGY,0965-1748,Q1,,iikx biology api,CAS biology class; subclass=生化与分子生物学; IF2024=4.3; eissn=1879-0240; url=https://www.iikx.com/sci/biology/13222.html
INSECT MOLECULAR BIOLOGY,0962-1075,Q1,,iikx biology api,CAS biology class; subclass=生化与分子生物学; IF2024=3.3; eissn=1365-2583; url=https://www.iikx.com/sci/biology/13224.html
INTEGRATIVE AND COMPARATIVE BIOLOGY,1540-7063,Q1,,iikx biology api,CAS biology class; subclass=动物学; IF2024=2.4; eissn=1557-7023; url=https://www.iikx.com/sci/biology/13237.html
INTERNATIONAL JOURNAL OF BIOLOGICAL MACROMOLECULES,0141-8130,Q1,,iikx biology api,CAS biology class; subclass=生化与分子生物学; IF2024=8.7; eissn=1879-0003; url=https://www.iikx.com/sci/biology/13304.html
INVERTEBRATE SYSTEMATICS,1445-5226,Q1,,iikx biology api,CAS biology class; subclass=进化生物学; IF2024=2.2; eissn=1447-2600; url=https://www.iikx.com/sci/biology/13583.html
Insect Conservation and Diversity,1752-458X,Q1,,iikx biology api,CAS biology class; subclass=昆虫学; IF2024=3.3; eissn=1752-4598; url=https://www.iikx.com/sci/biology/13223.html
Insect Science,1672-9609,Q1,,iikx biology api,CAS biology class; subclass=昆虫学; IF2024=3.7; eissn=1744-7917; url=https://www.iikx.com/sci/biology/13225.html
Insect Systematics and Diversity,N/A,Q1,,iikx biology api,CAS biology class; subclass=昆虫学; IF2024=2.3; eissn=2399-3421; url=https://www.iikx.com/sci/biology/37128.html
Integrative Organismal Biology,N/A,Q1,,iikx biology api,CAS biology class; subclass=; IF2024=2.0; eissn=2517-4843; url=https://www.iikx.com/sci/biology/36339.html
Integrative Zoology,1749-4877,Q1,,iikx biology api,CAS biology class; subclass=动物学; IF2024=3.7; eissn=1749-4869; url=https://www.iikx.com/sci/biology/13241.html
Interdisciplinary Sciences-Computational Life Sciences,1913-2751,Q1,,iikx biology api,CAS biology class; subclass=数学与计算生物学; IF2024=5.2; eissn=1867-1462; url=https://www.iikx.com/sci/biology/18693.html
Interface Focus,2042-8898,Q1,,iikx biology api,CAS biology class; subclass=生物学; IF2024=4.0; eissn=2042-8901; url=https://www.iikx.com/sci/biology/18112.html
International Journal of Biological Sciences,1449-2288,Q1,,iikx biology api,CAS biology class; subclass=生化与分子生物学; IF2024=11.7; eissn=1449-2288; url=https://www.iikx.com/sci/biology/13306.html
International Review of Cell and Molecular Biology,1937-6448,Q1,,iikx biology api,CAS biology class; subclass=生化与分子生物学; IF2024=0.0; eissn=; url=https://www.iikx.com/sci/biology/13559.html
JOURNAL OF APPLIED PHYCOLOGY,0921-8971,Q1,,iikx biology api,CAS biology class; subclass=生物工程与应用微生物; IF2024=3.6; eissn=1573-5176; url=https://www.iikx.com/sci/biology/13778.html
JOURNAL OF AVIAN BIOLOGY,0908-8857,Q1,,iikx biology api,CAS biology class; subclass=鸟类学; IF2024=1.9; eissn=1600-048X; url=https://www.iikx.com/sci/biology/13817.html
JOURNAL OF CELLULAR PHYSIOLOGY,0021-9541,Q1,,iikx biology api,CAS biology class; subclass=细胞生物学; IF2024=4.0; eissn=1097-4652; url=https://www.iikx.com/sci/biology/13897.html
JOURNAL OF COMPARATIVE PHYSIOLOGY A-NEUROETHOLOGY SENSORY NEURAL AND BEHAVIORAL PHYSIOLOGY,0340-7594,Q1,,iikx biology api,CAS biology class; subclass=行为科学; IF2024=2.3; eissn=1432-1351; url=https://www.iikx.com/sci/biology/13976.html
JOURNAL OF ECONOMIC ENTOMOLOGY,0022-0493,Q1,,iikx biology api,CAS biology class; subclass=昆虫学; IF2024=2.5; eissn=1938-291X; url=https://www.iikx.com/sci/biology/14057.html
JOURNAL OF EXPERIMENTAL BIOLOGY,0022-0949,Q1,,iikx biology api,CAS biology class; subclass=生物学; IF2024=3.0; eissn=1477-9145; url=https://www.iikx.com/sci/biology/14137.html
JOURNAL OF EXPERIMENTAL BOTANY,0022-0957,Q1,,iikx biology api,CAS biology class; subclass=植物科学; IF2024=6.5; eissn=1460-2431; url=https://www.iikx.com/sci/biology/14138.html
JOURNAL OF GREAT LAKES RESEARCH,0380-1330,Q1,,iikx biology api,CAS biology class; subclass=环境科学; IF2024=2.5; eissn=0380-1330; url=https://www.iikx.com/sci/biology/14224.html
JOURNAL OF HELMINTHOLOGY,0022-149X,Q1,,iikx biology api,CAS biology class; subclass=寄生虫学; IF2024=2.0; eissn=1475-2697; url=https://www.iikx.com/sci/biology/14244.html
JOURNAL OF HUMAN EVOLUTION,0047-2484,Q1,,iikx biology api,CAS biology class; subclass=进化生物学; IF2024=3.3; eissn=1095-8606; url=https://www.iikx.com/sci/biology/14261.html
JOURNAL OF INSECT CONSERVATION,1366-638X,Q1,,iikx biology api,CAS biology class; subclass=昆虫学; IF2024=2.2; eissn=1572-9753; url=https://www.iikx.com/sci/biology/14312.html
JOURNAL OF INSECT PHYSIOLOGY,0022-1910,Q1,,iikx biology api,CAS biology class; subclass=昆虫学; IF2024=2.6; eissn=1879-1611; url=https://www.iikx.com/sci/biology/14313.html
JOURNAL OF INSECT SCIENCE,N/A,Q1,,iikx biology api,CAS biology class; subclass=昆虫学; IF2024=2.3; eissn=1536-2442; url=https://www.iikx.com/sci/biology/14314.html
JOURNAL OF INVERTEBRATE PATHOLOGY,0022-2011,Q1,,iikx biology api,CAS biology class; subclass=动物学; IF2024=2.4; eissn=1096-0805; url=https://www.iikx.com/sci/biology/14334.html
JOURNAL OF LIPOSOME RESEARCH,0898-2104,Q1,,iikx biology api,CAS biology class; subclass=生化与分子生物学; IF2024=4.7; eissn=1532-2394; url=https://www.iikx.com/sci/biology/14359.html
JOURNAL OF MAMMALIAN EVOLUTION,1064-7554,Q1,,iikx biology api,CAS biology class; subclass=动物学; IF2024=2.0; eissn=1573-7055; url=https://www.iikx.com/sci/biology/14375.html
JOURNAL OF NEMATOLOGY,0022-300X,Q1,,iikx biology api,CAS biology class; subclass=动物学; IF2024=2.0; eissn=2640-396X; url=https://www.iikx.com/sci/biology/14500.html
JOURNAL OF ORNITHOLOGY,2193-7192,Q1,,iikx biology api,CAS biology class; subclass=鸟类学; IF2024=1.7; eissn=2193-7206; url=https://www.iikx.com/sci/biology/13692.html
JOURNAL OF PEST SCIENCE,1612-4758,Q1,,iikx biology api,CAS biology class; subclass=昆虫学; IF2024=4.4; eissn=1612-4766; url=https://www.iikx.com/sci/biology/14631.html
JOURNAL OF PHOTOCHEMISTRY AND PHOTOBIOLOGY B-BIOLOGY,1011-1344,Q1,,iikx biology api,CAS biology class; subclass=生化与分子生物学; IF2024=4.0; eissn=1873-2682; url=https://www.iikx.com/sci/biology/14645.html
JOURNAL OF PHYCOLOGY,N/A,Q1,,iikx biology api,CAS biology class; subclass=海洋与淡水生物学; IF2024=4.3; eissn=1529-8817; url=https://www.iikx.com/sci/biology/14648.html
JOURNAL OF PHYSIOLOGY AND BIOCHEMISTRY,1138-7548,Q1,,iikx biology api,CAS biology class; subclass=生化与分子生物学; IF2024=5.1; eissn=1877-8755; url=https://www.iikx.com/sci/biology/14667.html
JOURNAL OF PLANT GROWTH REGULATION,0721-7595,Q1,,iikx biology api,CAS biology class; subclass=植物科学; IF2024=4.2; eissn=1435-8107; url=https://www.iikx.com/sci/biology/14679.html
JOURNAL OF PLANT PHYSIOLOGY,0176-1617,Q1,,iikx biology api,CAS biology class; subclass=植物科学; IF2024=4.8; eissn=1618-1328; url=https://www.iikx.com/sci/biology/14683.html
JOURNAL OF STORED PRODUCTS RESEARCH,0022-474X,Q1,,iikx biology api,CAS biology class; subclass=昆虫学; IF2024=3.4; eissn=1879-1212; url=https://www.iikx.com/sci/biology/14804.html
JOURNAL OF THERMAL BIOLOGY,0306-4565,Q1,,iikx biology api,CAS biology class; subclass=生物学; IF2024=3.2; eissn=1879-0992; url=https://www.iikx.com/sci/biology/14989.html
JOURNAL OF ZOOLOGICAL SYSTEMATICS AND EVOLUTIONARY RESEARCH,0947-5745,Q1,,iikx biology api,CAS biology class; subclass=进化生物学; IF2024=3.0; eissn=1439-0469; url=https://www.iikx.com/sci/biology/15081.html
JOURNAL OF ZOOLOGY,0952-8369,Q1,,iikx biology api,CAS biology class; subclass=动物学; IF2024=2.0; eissn=1469-7998; url=https://www.iikx.com/sci/biology/15082.html
Journal of Biological Engineering,1754-1611,Q1,,iikx biology api,CAS biology class; subclass=生化研究方法; IF2024=6.3; eissn=1754-1611; url=https://www.iikx.com/sci/biology/19009.html
Journal of Comparative Physiology B-Biochemical Systems and Environmental Physiology,0174-1578,Q1,,iikx biology api,CAS biology class; subclass=生理学; IF2024=2.0; eissn=1432-136X; url=https://www.iikx.com/sci/biology/13977.html
Journal of Experimental Zoology Part A-Ecological Genetics and Physiology,1932-5223,Q1,,iikx biology api,CAS biology class; subclass=动物学; IF2024=1.9; eissn=; url=https://www.iikx.com/sci/biology/14147.html
Journal of Fungi,N/A,Q1,,iikx biology api,CAS biology class; subclass=微生物学; IF2024=4.3; eissn=2309-608X; url=https://www.iikx.com/sci/biology/29720.html
Journal of Genetics and Genomics,1673-8527,Q1,,iikx biology api,CAS biology class; subclass=生化与分子生物学; IF2024=7.9; eissn=1873-5533; url=https://www.iikx.com/sci/biology/14206.html
Journal of Integrative Plant Biology,1672-9072,Q1,,iikx biology api,CAS biology class; subclass=生化与分子生物学; IF2024=12.5; eissn=1744-7909; url=https://www.iikx.com/sci/biology/14318.html
Journal of Ovarian Research,N/A,Q1,,iikx biology api,CAS biology class; subclass=生殖生物学; IF2024=5.3; eissn=1757-2215; url=https://www.iikx.com/sci/biology/18146.html
Journal of Plant Ecology,1752-9921,Q1,,iikx biology api,CAS biology class; subclass=生态学; IF2024=4.5; eissn=1752-993X; url=https://www.iikx.com/sci/biology/14678.html
Journal of Zhejiang University-SCIENCE B,1673-1581,Q1,,iikx biology api,CAS biology class; subclass=生化与分子生物学; IF2024=5.7; eissn=1862-1783; url=https://www.iikx.com/sci/biology/15078.html
Lancet Microbe,N/A,Q1,,iikx biology api,CAS biology class; subclass=; IF2024=21.9; eissn=2666-5247; url=https://www.iikx.com/sci/biology/20432.html
Life Sciences in Space Research,2214-5524,Q1,,iikx biology api,CAS biology class; subclass=天文与天体物理; IF2024=3.3; eissn=2214-5532; url=https://www.iikx.com/sci/biology/37402.html
Life-Basel,N/A,Q1,,iikx biology api,CAS biology class; subclass=生物学; IF2024=3.9; eissn=2075-1729; url=https://www.iikx.com/sci/biology/36247.html
Lipids in Health and Disease,N/A,Q1,,iikx biology api,CAS biology class; subclass=生化与分子生物学; IF2024=6.9; eissn=1476-511X; url=https://www.iikx.com/sci/biology/15205.html
MAMMAL REVIEW,N/A,Q1,,iikx biology api,CAS biology class; subclass=生态学; IF2024=3.3; eissn=1365-2907; url=https://www.iikx.com/sci/biology/15261.html
MATRIX BIOLOGY,0945-053X,Q1,,iikx biology api,CAS biology class; subclass=生化与分子生物学; IF2024=5.9; eissn=1569-1802; url=https://www.iikx.com/sci/biology/15364.html
MICROBIAL ECOLOGY,0095-3628,Q1,,iikx biology api,CAS biology class; subclass=生态学; IF2024=4.3; eissn=1432-184X; url=https://www.iikx.com/sci/biology/15480.html
MICROBIOLOGICAL RESEARCH,0944-5013,Q1,,iikx biology api,CAS biology class; subclass=微生物学; IF2024=8.5; eissn=1618-0623; url=https://www.iikx.com/sci/biology/15482.html
MICROBIOLOGY AND MOLECULAR BIOLOGY REVIEWS,1092-2172,Q1,,iikx biology api,CAS biology class; subclass=微生物学; IF2024=11.8; eissn=1098-5557; url=https://www.iikx.com/sci/biology/15485.html
MITOCHONDRION,1567-7249,Q1,,iikx biology api,CAS biology class; subclass=细胞生物学; IF2024=5.7; eissn=1872-8278; url=https://www.iikx.com/sci/biology/15533.html
MOLECULAR & CELLULAR PROTEOMICS,N/A,Q1,,iikx biology api,CAS biology class; subclass=生化研究方法; IF2024=6.3; eissn=1535-9484; url=https://www.iikx.com/sci/biology/15545.html
MOLECULAR BIOLOGY AND EVOLUTION,0737-4038,Q1,,iikx biology api,CAS biology class; subclass=生化与分子生物学; IF2024=6.4; eissn=1537-1719; url=https://www.iikx.com/sci/biology/15554.html
MOLECULAR CELL,1097-2765,Q1,,iikx biology api,CAS biology class; subclass=生化与分子生物学; IF2024=16.0; eissn=1097-4164; url=https://www.iikx.com/sci/biology/15564.html
MOLECULAR ECOLOGY,0962-1083,Q1,,iikx biology api,CAS biology class; subclass=生化与分子生物学; IF2024=3.7; eissn=1365-294X; url=https://www.iikx.com/sci/biology/15569.html
MOLECULAR HUMAN REPRODUCTION,1360-9947,Q1,,iikx biology api,CAS biology class; subclass=发育生物学; IF2024=4.2; eissn=1460-2407; url=https://www.iikx.com/sci/biology/15575.html
MOLECULAR PHYLOGENETICS AND EVOLUTION,1055-7903,Q1,,iikx biology api,CAS biology class; subclass=生化与分子生物学; IF2024=4.0; eissn=1095-9513; url=https://www.iikx.com/sci/biology/15593.html
MOLECULAR PLANT-MICROBE INTERACTIONS,0894-0282,Q1,,iikx biology api,CAS biology class; subclass=生化与分子生物学; IF2024=3.9; eissn=1943-7706; url=https://www.iikx.com/sci/biology/15597.html
MOLECULES AND CELLS,1016-8478,Q1,,iikx biology api,CAS biology class; subclass=生化与分子生物学; IF2024=8.2; eissn=0219-1032; url=https://www.iikx.com/sci/biology/15605.html
MUTATION RESEARCH-REVIEWS IN MUTATION RESEARCH,1383-5742,Q1,,iikx biology api,CAS biology class; subclass=生物工程与应用微生物; IF2024=6.5; eissn=1388-2139; url=https://www.iikx.com/sci/biology/15633.html
MYCOPATHOLOGIA,0301-486X,Q1,,iikx biology api,CAS biology class; subclass=真菌学; IF2024=4.1; eissn=1573-0832; url=https://www.iikx.com/sci/biology/15636.html
MYCORRHIZA,0940-6360,Q1,,iikx biology api,CAS biology class; subclass=真菌学; IF2024=4.0; eissn=1432-1890; url=https://www.iikx.com/sci/biology/15637.html
Marine Life Science & Technology,2096-6490,Q1,,iikx biology api,CAS biology class; subclass=; IF2024=5.7; eissn=2662-1746; url=https://www.iikx.com/sci/biology/33698.html
Microbial Biotechnology,1751-7915,Q1,,iikx biology api,CAS biology class; subclass=生物工程与应用微生物; IF2024=6.7; eissn=1751-7915; url=https://www.iikx.com/sci/biology/18170.html
Microbial Genomics,2057-5858,Q1,,iikx biology api,CAS biology class; subclass=遗传学; IF2024=4.5; eissn=2057-5858; url=https://www.iikx.com/sci/biology/33822.html
Microbiome,2049-2618,Q1,,iikx biology api,CAS biology class; subclass=微生物学; IF2024=14.9; eissn=2049-2618; url=https://www.iikx.com/sci/biology/19282.html
Mobile DNA,1759-8753,Q1,,iikx biology api,CAS biology class; subclass=遗传学; IF2024=4.2; eissn=1759-8753; url=https://www.iikx.com/sci/biology/18794.html
Molecular Ecology Resources,1755-098X,Q1,,iikx biology api,CAS biology class; subclass=生化与分子生物学; IF2024=5.9; eissn=1755-0998; url=https://www.iikx.com/sci/biology/15570.html
Molecular Horticulture,2730-9401,Q1,,iikx biology api,CAS biology class; subclass=; IF2024=10.0; eissn=2730-9401; url=https://www.iikx.com/sci/biology/81083.html
Molecular Plant,1674-2052,Q1,,iikx biology api,CAS biology class; subclass=生化与分子生物学; IF2024=32.7; eissn=1752-9867; url=https://www.iikx.com/sci/biology/15595.html
Molecular Systems Biology,1744-4292,Q1,,iikx biology api,CAS biology class; subclass=生化与分子生物学; IF2024=6.7; eissn=1744-4292; url=https://www.iikx.com/sci/biology/15601.html
Movement Ecology,2051-3933,Q1,,iikx biology api,CAS biology class; subclass=生态学; IF2024=4.0; eissn=2051-3933; url=https://www.iikx.com/sci/other/19591.html
MycoKeys,1314-4057,Q1,,iikx biology api,CAS biology class; subclass=真菌学; IF2024=4.1; eissn=1314-4049; url=https://www.iikx.com/sci/biology/19288.html
Mycosphere,2077-7000,Q1,,iikx biology api,CAS biology class; subclass=真菌学; IF2024=19.9; eissn=2077-7019; url=https://www.iikx.com/sci/biology/19289.html
NATURE CELL BIOLOGY,1465-7392,Q1,,iikx biology api,CAS biology class; subclass=细胞生物学; IF2024=22.7; eissn=1476-4679; url=https://www.iikx.com/sci/biology/15668.html
NATURE GENETICS,1061-4036,Q1,,iikx biology api,CAS biology class; subclass=遗传学; IF2024=25.5; eissn=1546-1718; url=https://www.iikx.com/sci/biology/15671.html
NATURE METHODS,1548-7091,Q1,,iikx biology api,CAS biology class; subclass=生化研究方法; IF2024=28.3; eissn=1548-7105; url=https://www.iikx.com/sci/biology/15676.html
NATURE REVIEWS GENETICS,1471-0056,Q1,,iikx biology api,CAS biology class; subclass=遗传学; IF2024=51.4; eissn=1471-0064; url=https://www.iikx.com/sci/biology/15688.html
NATURE REVIEWS MICROBIOLOGY,1740-1526,Q1,,iikx biology api,CAS biology class; subclass=微生物学; IF2024=104.6; eissn=1740-1534; url=https://www.iikx.com/sci/biology/15690.html
NATURE REVIEWS MOLECULAR CELL BIOLOGY,1471-0072,Q1,,iikx biology api,CAS biology class; subclass=细胞生物学; IF2024=118.0; eissn=1471-0080; url=https://www.iikx.com/sci/biology/15691.html
NATURE STRUCTURAL & MOLECULAR BIOLOGY,1545-9993,Q1,,iikx biology api,CAS biology class; subclass=生化与分子生物学; IF2024=10.1; eissn=1545-9985; url=https://www.iikx.com/sci/biology/18185.html
NEW PHYTOLOGIST,0028-646X,Q1,,iikx biology api,CAS biology class; subclass=植物科学; IF2024=8.7; eissn=1469-8137; url=https://www.iikx.com/sci/biology/15824.html
NUCLEIC ACIDS RESEARCH,0305-1048,Q1,,iikx biology api,CAS biology class; subclass=生化与分子生物学; IF2024=15.0; eissn=1362-4962; url=https://www.iikx.com/sci/biology/15884.html
Nature Chemical Biology,1552-4450,Q1,,iikx biology api,CAS biology class; subclass=生化与分子生物学; IF2024=15.8; eissn=1552-4469; url=https://www.iikx.com/sci/biology/15669.html
Nature Ecology & Evolution,2397-334X,Q1,,iikx biology api,CAS biology class; subclass=; IF2024=17.1; eissn=2397-334X; url=https://www.iikx.com/sci/biology/32022.html
Nature Microbiology,2058-5276,Q1,,iikx biology api,CAS biology class; subclass=微生物学; IF2024=18.7; eissn=2058-5276; url=https://www.iikx.com/sci/biology/19526.html
Nature Plants,2055-026X,Q1,,iikx biology api,CAS biology class; subclass=植物科学; IF2024=15.0; eissn=2055-0278; url=https://www.iikx.com/sci/biology/19292.html
Nature Protocols,1754-2189,Q1,,iikx biology api,CAS biology class; subclass=生化研究方法; IF2024=18.4; eissn=1750-2799; url=https://www.iikx.com/sci/biology/15681.html
Neotropical Ichthyology,1679-6225,Q1,,iikx biology api,CAS biology class; subclass=动物学; IF2024=2.1; eissn=N/A; url=https://www.iikx.com/sci/biology/15714.html
Neurobiology of Language,2641-4368,Q1,,iikx biology api,CAS biology class; subclass=; IF2024=3.7; eissn=2641-4368; url=https://www.iikx.com/sci/biology/70952.html
New Biotechnology,1871-6784,Q1,,iikx biology api,CAS biology class; subclass=生化研究方法; IF2024=5.6; eissn=1876-4347; url=https://www.iikx.com/sci/biology/15815.html
New Microbes and New Infections,N/A,Q1,,iikx biology api,CAS biology class; subclass=; IF2024=6.0; eissn=2052-2975; url=https://www.iikx.com/sci/biology/28529.html
Non-Coding RNA,N/A,Q1,,iikx biology api,CAS biology class; subclass=; IF2024=4.2; eissn=2311-553X; url=https://www.iikx.com/sci/biology/32599.html
Non-coding RNA Research,2468-2160,Q1,,iikx biology api,CAS biology class; subclass=; IF2024=5.6; eissn=2468-0540; url=https://www.iikx.com/sci/biology/30515.html
Oceanography and Marine Biology,0078-3218,Q1,,iikx biology api,CAS biology class; subclass=海洋与淡水生物学; IF2024=0.0; eissn=; url=https://www.iikx.com/sci/biology/15942.html
One Health Outlook,2524-4655,Q1,,iikx biology api,CAS biology class; subclass=; IF2024=5.9; eissn=2524-4655; url=https://www.iikx.com/sci/biology/31483.html
Organogenesis,1547-6278,Q1,,iikx biology api,CAS biology class; subclass=生化与分子生物学; IF2024=6.3; eissn=1555-8592; url=https://www.iikx.com/sci/biology/18200.html
PERSOONIA,0031-5850,Q1,,iikx biology api,CAS biology class; subclass=真菌学; IF2024=9.5; eissn=N/A; url=https://www.iikx.com/sci/biology/16163.html
PESTICIDE BIOCHEMISTRY AND PHYSIOLOGY,0048-3575,Q1,,iikx biology api,CAS biology class; subclass=生化与分子生物学; IF2024=4.8; eissn=1095-9939; url=https://www.iikx.com/sci/biology/16170.html
PHILOSOPHICAL TRANSACTIONS OF THE ROYAL SOCIETY B-BIOLOGICAL SCIENCES,0962-8436,Q1,,iikx biology api,CAS biology class; subclass=生物学; IF2024=5.3; eissn=1471-2970; url=https://www.iikx.com/sci/biology/16209.html
PHYSIOLOGIA PLANTARUM,0031-9317,Q1,,iikx biology api,CAS biology class; subclass=植物科学; IF2024=4.0; eissn=1399-3054; url=https://www.iikx.com/sci/biology/16285.html
PHYTOCHEMISTRY REVIEWS,1568-7767,Q1,,iikx biology api,CAS biology class; subclass=植物科学; IF2024=6.3; eissn=1572-980X; url=https://www.iikx.com/sci/biology/16299.html
PLANT AND CELL PHYSIOLOGY,0032-0781,Q1,,iikx biology api,CAS biology class; subclass=细胞生物学; IF2024=4.7; eissn=1471-9053; url=https://www.iikx.com/sci/biology/16314.html
PLANT BIOTECHNOLOGY JOURNAL,1467-7644,Q1,,iikx biology api,CAS biology class; subclass=生物工程与应用微生物; IF2024=12.8; eissn=1467-7652; url=https://www.iikx.com/sci/biology/16320.html
PLANT CELL,1040-4651,Q1,,iikx biology api,CAS biology class; subclass=生化与分子生物学; IF2024=13.5; eissn=1532-298X; url=https://www.iikx.com/sci/biology/16323.html
PLANT CELL AND ENVIRONMENT,0140-7791,Q1,,iikx biology api,CAS biology class; subclass=植物科学; IF2024=6.9; eissn=1365-3040; url=https://www.iikx.com/sci/biology/16324.html
PLANT CELL REPORTS,0721-7714,Q1,,iikx biology api,CAS biology class; subclass=植物科学; IF2024=5.3; eissn=1432-203X; url=https://www.iikx.com/sci/biology/16325.html
PLANT GROWTH REGULATION,0167-6903,Q1,,iikx biology api,CAS biology class; subclass=植物科学; IF2024=4.0; eissn=1573-5087; url=https://www.iikx.com/sci/biology/16333.html
PLANT JOURNAL,0960-7412,Q1,,iikx biology api,CAS biology class; subclass=植物科学; IF2024=6.2; eissn=1365-313X; url=https://www.iikx.com/sci/biology/16334.html
PLANT PHYSIOLOGY,0032-0889,Q1,,iikx biology api,CAS biology class; subclass=植物科学; IF2024=8.2; eissn=1532-2548; url=https://www.iikx.com/sci/biology/16341.html
PLANT PHYSIOLOGY AND BIOCHEMISTRY,0981-9428,Q1,,iikx biology api,CAS biology class; subclass=植物科学; IF2024=6.2; eissn=1873-2690; url=https://www.iikx.com/sci/biology/16342.html
PLANT SCIENCE,0168-9452,Q1,,iikx biology api,CAS biology class; subclass=生化与分子生物学; IF2024=4.6; eissn=1873-2259; url=https://www.iikx.com/sci/biology/16344.html
PLANTA,0032-0935,Q1,,iikx biology api,CAS biology class; subclass=植物科学; IF2024=4.4; eissn=1432-2048; url=https://www.iikx.com/sci/biology/16348.html
PLOS BIOLOGY,1544-9173,Q1,,iikx biology api,CAS biology class; subclass=生化与分子生物学; IF2024=6.9; eissn=1545-7885; url=https://www.iikx.com/sci/biology/18487.html
PLoS Computational Biology,1553-734X,Q1,,iikx biology api,CAS biology class; subclass=生化研究方法; IF2024=3.7; eissn=1553-7358; url=https://www.iikx.com/sci/biology/16365.html
PLoS Pathogens,1553-7366,Q1,,iikx biology api,CAS biology class; subclass=微生物学; IF2024=4.9; eissn=1553-7374; url=https://www.iikx.com/sci/biology/16369.html
PROCEEDINGS OF THE ROYAL SOCIETY B-BIOLOGICAL SCIENCES,0962-8452,Q1,,iikx biology api,CAS biology class; subclass=生物学; IF2024=3.6; eissn=1471-2954; url=https://www.iikx.com/sci/biology/16487.html
PROGRESS IN BIOPHYSICS & MOLECULAR BIOLOGY,0079-6107,Q1,,iikx biology api,CAS biology class; subclass=生化与分子生物学; IF2024=4.5; eissn=1873-1732; url=https://www.iikx.com/sci/biology/16509.html
PROGRESS IN LIPID RESEARCH,0163-7827,Q1,,iikx biology api,CAS biology class; subclass=生化与分子生物学; IF2024=18.1; eissn=1873-2194; url=https://www.iikx.com/sci/biology/16518.html
PROTEIN SCIENCE,0961-8368,Q1,,iikx biology api,CAS biology class; subclass=生化与分子生物学; IF2024=5.6; eissn=1469-896X; url=https://www.iikx.com/sci/biology/16555.html
Physics of Life Reviews,1571-0645,Q1,,iikx biology api,CAS biology class; subclass=生物学; IF2024=11.8; eissn=1873-1457; url=https://www.iikx.com/sci/biology/16270.html
Pigment Cell & Melanoma Research,1755-1471,Q1,,iikx biology api,CAS biology class; subclass=; IF2024=3.5; eissn=1755-148X; url=https://www.iikx.com/sci/biology/34598.html
Plant Communications,2590-3462,Q1,,iikx biology api,CAS biology class; subclass=; IF2024=13.7; eissn=2590-3462; url=https://www.iikx.com/sci/biology/39923.html
Plant Diversity,2096-2703,Q1,,iikx biology api,CAS biology class; subclass=植物科学; IF2024=5.9; eissn=2468-2659; url=https://www.iikx.com/sci/biology/36046.html
Plant Genome,N/A,Q1,,iikx biology api,CAS biology class; subclass=遗传学; IF2024=4.3; eissn=1940-3372; url=https://www.iikx.com/sci/biology/18486.html
Plant Methods,N/A,Q1,,iikx biology api,CAS biology class; subclass=生化研究方法; IF2024=5.2; eissn=1746-4811; url=https://www.iikx.com/sci/biology/16335.html
Plant Phenomics,2643-6515,Q1,,iikx biology api,CAS biology class; subclass=农艺学; IF2024=8.2; eissn=2643-6515; url=https://www.iikx.com/sci/biology/23124.html
Plant Signaling & Behavior,1559-2316,Q1,,iikx biology api,CAS biology class; subclass=; IF2024=4.1; eissn=1559-2324; url=https://www.iikx.com/sci/biology/37390.html
Plants-Basel,2223-7747,Q1,,iikx biology api,CAS biology class; subclass=植物科学; IF2024=4.7; eissn=2223-7747; url=https://www.iikx.com/sci/biology/34011.html
Probiotics and Antimicrobial Proteins,1867-1306,Q1,,iikx biology api,CAS biology class; subclass=生物工程与应用微生物; IF2024=5.3; eissn=1867-1314; url=https://www.iikx.com/sci/biology/19323.html
Protein & Cell,1674-800X,Q1,,iikx biology api,CAS biology class; subclass=细胞生物学; IF2024=18.2; eissn=1674-8018; url=https://www.iikx.com/sci/biology/18499.html
QUARTERLY REVIEWS OF BIOPHYSICS,0033-5835,Q1,,iikx biology api,CAS biology class; subclass=生物物理; IF2024=6.1; eissn=1469-8994; url=https://www.iikx.com/sci/biology/16640.html
REDOX REPORT,1351-0002,Q1,,iikx biology api,CAS biology class; subclass=生化与分子生物学; IF2024=6.9; eissn=1743-2928; url=https://www.iikx.com/sci/biology/16691.html
REPRODUCTION FERTILITY AND DEVELOPMENT,1031-3613,Q1,,iikx biology api,CAS biology class; subclass=发育生物学; IF2024=2.3; eissn=1448-5990; url=https://www.iikx.com/sci/biology/16715.html
Redox Biology,2213-2317,Q1,,iikx biology api,CAS biology class; subclass=生化与分子生物学; IF2024=16.2; eissn=2213-2317; url=https://www.iikx.com/sci/biology/19326.html
Regional Studies in Marine Science,2352-4855,Q1,,iikx biology api,CAS biology class; subclass=生态学; IF2024=2.7; eissn=2352-4855; url=https://www.iikx.com/sci/biology/19693.html
Rhizosphere,N/A,Q1,,iikx biology api,CAS biology class; subclass=植物科学; IF2024=3.9; eissn=2452-2198; url=https://www.iikx.com/sci/biology/35915.html
SAUDI JOURNAL OF BIOLOGICAL SCIENCES,1319-562X,Q1,,iikx biology api,CAS biology class; subclass=生物学; IF2024=0.0; eissn=; url=https://www.iikx.com/sci/biology/18831.html
SEMINARS IN CELL & DEVELOPMENTAL BIOLOGY,1084-9521,Q1,,iikx biology api,CAS biology class; subclass=细胞生物学; IF2024=6.7; eissn=1096-3634; url=https://www.iikx.com/sci/biology/17014.html
STRUCTURE,0969-2126,Q1,,iikx biology api,CAS biology class; subclass=生化与分子生物学; IF2024=4.6; eissn=1878-4186; url=https://www.iikx.com/sci/biology/17236.html
STUDIES IN MYCOLOGY,0166-0616,Q1,,iikx biology api,CAS biology class; subclass=真菌学; IF2024=18.3; eissn=1872-9797; url=https://www.iikx.com/sci/biology/17248.html
SYSTEMATIC BIOLOGY,1063-5157,Q1,,iikx biology api,CAS biology class; subclass=进化生物学; IF2024=6.2; eissn=1076-836X; url=https://www.iikx.com/sci/biology/17299.html
SYSTEMATIC ENTOMOLOGY,0307-6970,Q1,,iikx biology api,CAS biology class; subclass=昆虫学; IF2024=4.3; eissn=1365-3113; url=https://www.iikx.com/sci/biology/17301.html
Science China-Life Sciences,1674-7305,Q1,,iikx biology api,CAS biology class; subclass=生物学; IF2024=9.6; eissn=1869-1889; url=https://www.iikx.com/sci/biology/16973.html
Science Signaling,1945-0877,Q1,,iikx biology api,CAS biology class; subclass=生化与分子生物学; IF2024=7.0; eissn=1937-9145; url=https://www.iikx.com/sci/biology/18835.html
Science Translational Medicine,1946-6234,Q1,,iikx biology api,CAS biology class; subclass=细胞生物学; IF2024=15.6; eissn=1946-6242; url=https://www.iikx.com/sci/biology/16982.html
Scientifica,2090-908X,Q1,,iikx biology api,CAS biology class; subclass=; IF2024=3.6; eissn=2090-908X; url=https://www.iikx.com/sci/biology/32899.html
Sensors and Actuators Reports,2666-0539,Q1,,iikx biology api,CAS biology class; subclass=; IF2024=6.9; eissn=2666-0539; url=https://www.iikx.com/sci/biology/28890.html
Synthetic Biology,N/A,Q1,,iikx biology api,CAS biology class; subclass=; IF2024=4.7; eissn=2397-7000; url=https://www.iikx.com/sci/biology/36266.html
THEORETICAL AND APPLIED GENETICS,0040-5752,Q1,,iikx biology api,CAS biology class; subclass=农艺学; IF2024=4.1; eissn=1432-2242; url=https://www.iikx.com/sci/biology/17351.html
TISSUE & CELL,0040-8166,Q1,,iikx biology api,CAS biology class; subclass=解剖学与形态学; IF2024=3.1; eissn=N/A; url=https://www.iikx.com/sci/biology/17384.html
TRENDS IN BIOCHEMICAL SCIENCES,0968-0004,Q1,,iikx biology api,CAS biology class; subclass=生化与分子生物学; IF2024=14.4; eissn=1362-4326; url=https://www.iikx.com/sci/biology/17472.html
TRENDS IN CELL BIOLOGY,0962-8924,Q1,,iikx biology api,CAS biology class; subclass=细胞生物学; IF2024=25.3; eissn=1879-3088; url=https://www.iikx.com/sci/biology/17475.html
TRENDS IN ECOLOGY & EVOLUTION,0169-5347,Q1,,iikx biology api,CAS biology class; subclass=生态学; IF2024=17.9; eissn=1872-8383; url=https://www.iikx.com/sci/biology/17477.html
TRENDS IN GENETICS,0168-9525,Q1,,iikx biology api,CAS biology class; subclass=遗传学; IF2024=12.9; eissn=1362-4555; url=https://www.iikx.com/sci/biology/17480.html
TRENDS IN MICROBIOLOGY,0966-842X,Q1,,iikx biology api,CAS biology class; subclass=生化与分子生物学; IF2024=18.7; eissn=1878-4380; url=https://www.iikx.com/sci/biology/17483.html
TRENDS IN PARASITOLOGY,1471-4922,Q1,,iikx biology api,CAS biology class; subclass=; IF2024=7.6; eissn=1471-5007; url=https://www.iikx.com/sci/biology/35645.html
TRENDS IN PLANT SCIENCE,1360-1385,Q1,,iikx biology api,CAS biology class; subclass=植物科学; IF2024=21.2; eissn=1878-4372; url=https://www.iikx.com/sci/biology/17487.html
VEGETATION HISTORY AND ARCHAEOBOTANY,0939-6314,Q1,,iikx biology api,CAS biology class; subclass=古生物学; IF2024=2.5; eissn=1617-6278; url=https://www.iikx.com/sci/biology/17568.html
Vertebrate Zoology,1864-5755,Q1,,iikx biology api,CAS biology class; subclass=动物学; IF2024=3.2; eissn=N/A; url=https://www.iikx.com/sci/biology/18537.html
Virulence,2150-5594,Q1,,iikx biology api,CAS biology class; subclass=免疫学; IF2024=6.8; eissn=2150-5608; url=https://www.iikx.com/sci/biology/18255.html
WILDLIFE BIOLOGY,0909-6396,Q1,,iikx biology api,CAS biology class; subclass=生态学; IF2024=2.1; eissn=1903-220X; url=https://www.iikx.com/sci/biology/17660.html
WILDLIFE MONOGRAPHS,0084-0173,Q1,,iikx biology api,CAS biology class; subclass=生态学; IF2024=2.0; eissn=1938-5455; url=https://www.iikx.com/sci/biology/17661.html
Wiley Interdisciplinary Reviews-Computational Molecular Science,1759-0876,Q1,,iikx biology api,CAS biology class; subclass=化学综合; IF2024=10.9; eissn=1759-0884; url=https://www.iikx.com/sci/biology/18258.html
ZOOLOGICA SCRIPTA,0300-3256,Q1,,iikx biology api,CAS biology class; subclass=进化生物学; IF2024=2.0; eissn=1463-6409; url=https://www.iikx.com/sci/biology/17742.html
ZOOLOGICAL JOURNAL OF THE LINNEAN SOCIETY,0024-4082,Q1,,iikx biology api,CAS biology class; subclass=动物学; IF2024=3.0; eissn=1096-3642; url=https://www.iikx.com/sci/biology/17743.html
ZOOLOGICAL RESEARCH,2095-8137,Q1,,iikx biology api,CAS biology class; subclass=动物学; IF2024=5.6; eissn=2095-8137; url=https://www.iikx.com/sci/biology/23121.html
Zoologia,1984-4689,Q1,,iikx biology api,CAS biology class; subclass=动物学; IF2024=2.1; eissn=1984-4689; url=https://www.iikx.com/sci/biology/19490.html
Zoological Letters,2056-306X,Q1,,iikx biology api,CAS biology class; subclass=动物学; IF2024=2.8; eissn=2056-306X; url=https://www.iikx.com/sci/other/19606.html
eFood,N/A,Q1,,iikx biology api,CAS biology class; subclass=; IF2024=5.7; eissn=2666-3066; url=https://www.iikx.com/sci/biology/71942.html
in silico Plants,N/A,Q1,,iikx biology api,CAS biology class; subclass=; IF2024=3.3; eissn=2517-5025; url=https://www.iikx.com/sci/biology/31813.html
mBio,N/A,Q1,,iikx biology api,CAS biology class; subclass=微生物学; IF2024=5.4; eissn=2150-7511; url=https://www.iikx.com/sci/biology/17906.html
npj Biofilms and Microbiomes,N/A,Q1,,iikx biology api,CAS biology class; subclass=生物工程与应用微生物; IF2024=11.4; eissn=2055-5008; url=https://www.iikx.com/sci/biology/19573.html
npj Genomic Medicine,N/A,Q1,,iikx biology api,CAS biology class; subclass=遗传学; IF2024=5.3; eissn=2056-7944; url=https://www.iikx.com/sci/other/19584.html
npj Systems Biology and Applications,N/A,Q1,,iikx biology api,CAS biology class; subclass=数学与计算生物学; IF2024=4.4; eissn=2056-7189; url=https://www.iikx.com/sci/biology/33998.html
ACS Chemical Biology,1554-8929,Q2,,iikx biology api,CAS biology class; subclass=生化与分子生物学; IF2024=3.6; eissn=1554-8937; url=https://www.iikx.com/sci/biology/9711.html
ACTA CHIROPTEROLOGICA,1508-1109,Q2,,iikx biology api,CAS biology class; subclass=动物学; IF2024=1.5; eissn=; url=https://www.iikx.com/sci/biology/9742.html
ACTA ETHOLOGICA,0873-9749,Q2,,iikx biology api,CAS biology class; subclass=行为科学; IF2024=1.3; eissn=1437-9546; url=https://www.iikx.com/sci/biology/9762.html
ACTA ORNITHOLOGICA,0001-6454,Q2,,iikx biology api,CAS biology class; subclass=鸟类学; IF2024=1.2; eissn=1734-8471; url=https://www.iikx.com/sci/biology/9809.html
ACTA PHYSIOLOGIAE PLANTARUM,0137-5881,Q2,,iikx biology api,CAS biology class; subclass=植物科学; IF2024=2.3; eissn=1861-1664; url=https://www.iikx.com/sci/biology/9829.html
ADDICTION BIOLOGY,1355-6215,Q2,,iikx biology api,CAS biology class; subclass=生化与分子生物学; IF2024=2.6; eissn=1369-1600; url=https://www.iikx.com/sci/biology/9864.html
AMERICAN JOURNAL OF BOTANY,0002-9122,Q2,,iikx biology api,CAS biology class; subclass=植物科学; IF2024=2.8; eissn=1537-2197; url=https://www.iikx.com/sci/biology/10062.html
AMERICAN JOURNAL OF PRIMATOLOGY,0275-2565,Q2,,iikx biology api,CAS biology class; subclass=动物学; IF2024=1.7; eissn=1098-2345; url=https://www.iikx.com/sci/biology/10124.html
AMPHIBIA-REPTILIA,0173-5373,Q2,,iikx biology api,CAS biology class; subclass=动物学; IF2024=1.3; eissn=1568-5381; url=https://www.iikx.com/sci/biology/10153.html
ANALYTICAL BIOCHEMISTRY,0003-2697,Q2,,iikx biology api,CAS biology class; subclass=生化研究方法; IF2024=3.1; eissn=1096-0309; url=https://www.iikx.com/sci/biology/10179.html
ANIMAL GENETICS,0268-9146,Q2,,iikx biology api,CAS biology class; subclass=奶制品与动物科学; IF2024=2.2; eissn=1365-2052; url=https://www.iikx.com/sci/biology/10208.html
ANNALS OF APPLIED BIOLOGY,0003-4746,Q2,,iikx biology api,CAS biology class; subclass=农业综合; IF2024=2.1; eissn=1744-7348; url=https://www.iikx.com/sci/biology/10253.html
APIDOLOGIE,0044-8435,Q2,,iikx biology api,CAS biology class; subclass=昆虫学; IF2024=1.7; eissn=1297-9678; url=https://www.iikx.com/sci/biology/10365.html
APPLIED AND ENVIRONMENTAL MICROBIOLOGY,0099-2240,Q2,,iikx biology api,CAS biology class; subclass=生物工程与应用微生物; IF2024=4.2; eissn=1098-5336; url=https://www.iikx.com/sci/biology/10375.html
AQUATIC BOTANY,0304-3770,Q2,,iikx biology api,CAS biology class; subclass=海洋与淡水生物学; IF2024=2.3; eissn=1879-1522; url=https://www.iikx.com/sci/biology/10432.html
ARCHIVES OF BIOCHEMISTRY AND BIOPHYSICS,0003-9861,Q2,,iikx biology api,CAS biology class; subclass=生化与分子生物学; IF2024=3.5; eissn=1096-0384; url=https://www.iikx.com/sci/biology/10475.html
ARCHIVES OF INSECT BIOCHEMISTRY AND PHYSIOLOGY,0739-4462,Q2,,iikx biology api,CAS biology class; subclass=生化与分子生物学; IF2024=2.0; eissn=1520-6327; url=https://www.iikx.com/sci/biology/10496.html
ARDEA,0373-2266,Q2,,iikx biology api,CAS biology class; subclass=鸟类学; IF2024=1.2; eissn=2213-1175; url=https://www.iikx.com/sci/biology/10530.html
ARTHROPOD STRUCTURE & DEVELOPMENT,1467-8039,Q2,,iikx biology api,CAS biology class; subclass=昆虫学; IF2024=1.4; eissn=1873-5495; url=https://www.iikx.com/sci/biology/10545.html
ASTROBIOLOGY,1531-1074,Q2,,iikx biology api,CAS biology class; subclass=天文与天体物理; IF2024=2.3; eissn=1557-8070; url=https://www.iikx.com/sci/biology/10584.html
AUSTRALIAN MAMMALOGY,0310-0049,Q2,,iikx biology api,CAS biology class; subclass=动物学; IF2024=1.4; eissn=1836-7402; url=https://www.iikx.com/sci/biology/18907.html
Advances in Botanical Research,0065-2296,Q2,,iikx biology api,CAS biology class; subclass=植物科学; IF2024=0.0; eissn=; url=https://www.iikx.com/sci/biology/9894.html
Advances in Carbohydrate Chemistry and Biochemistry,0065-2318,Q2,,iikx biology api,CAS biology class; subclass=生化与分子生物学; IF2024=0.0; eissn=; url=https://www.iikx.com/sci/biology/9896.html
Advances in Genetics,0065-2660,Q2,,iikx biology api,CAS biology class; subclass=遗传学; IF2024=0.0; eissn=; url=https://www.iikx.com/sci/biology/9916.html
Advances in Microbial Physiology,0065-2911,Q2,,iikx biology api,CAS biology class; subclass=生化与分子生物学; IF2024=0.0; eissn=; url=https://www.iikx.com/sci/biology/9931.html
Advances in Protein Chemistry and Structural Biology,1876-1623,Q2,,iikx biology api,CAS biology class; subclass=生化与分子生物学; IF2024=0.0; eissn=1876-1631; url=https://www.iikx.com/sci/biology/9943.html
Aging-US,1945-4589,Q2,,iikx biology api,CAS biology class; subclass=细胞生物学; IF2024=3.9; eissn=; url=https://www.iikx.com/sci/biology/9987.html
Annals of Clinical Microbiology and Antimicrobials,N/A,Q2,,iikx biology api,CAS biology class; subclass=微生物学; IF2024=5.2; eissn=1476-0711; url=https://www.iikx.com/sci/biology/18276.html
AoB Plants,2041-2851,Q2,,iikx biology api,CAS biology class; subclass=生态学; IF2024=3.1; eissn=2041-2851; url=https://www.iikx.com/sci/biology/18570.html
Applications in Plant Sciences,2168-0450,Q2,,iikx biology api,CAS biology class; subclass=植物科学; IF2024=3.5; eissn=2168-0450; url=https://www.iikx.com/sci/biology/18898.html
Arthropod Systematics & Phylogeny,1863-7221,Q2,,iikx biology api,CAS biology class; subclass=昆虫学; IF2024=2.0; eissn=1864-8312; url=https://www.iikx.com/sci/biology/18579.html
Arthropod-Plant Interactions,1872-8855,Q2,,iikx biology api,CAS biology class; subclass=昆虫学; IF2024=1.7; eissn=1872-8847; url=https://www.iikx.com/sci/biology/10547.html
BEHAVIOR GENETICS,0001-8244,Q2,,iikx biology api,CAS biology class; subclass=行为科学; IF2024=2.4; eissn=1573-3297; url=https://www.iikx.com/sci/biology/10698.html
BEHAVIOUR,0005-7959,Q2,,iikx biology api,CAS biology class; subclass=行为科学; IF2024=1.3; eissn=1568-539X; url=https://www.iikx.com/sci/biology/10706.html
BEHAVIOURAL PROCESSES,0376-6357,Q2,,iikx biology api,CAS biology class; subclass=行为科学; IF2024=1.6; eissn=1872-8308; url=https://www.iikx.com/sci/biology/10711.html
BIOCHEMICAL JOURNAL,0264-6021,Q2,,iikx biology api,CAS biology class; subclass=生化与分子生物学; IF2024=3.9; eissn=1470-8728; url=https://www.iikx.com/sci/biology/10736.html
BIOCHEMICAL SOCIETY TRANSACTIONS,0300-5127,Q2,,iikx biology api,CAS biology class; subclass=生化与分子生物学; IF2024=4.4; eissn=1470-8752; url=https://www.iikx.com/sci/biology/10739.html
BIOCHIMICA ET BIOPHYSICA ACTA-GENERAL SUBJECTS,0304-4165,Q2,,iikx biology api,CAS biology class; subclass=生化与分子生物学; IF2024=2.9; eissn=1872-8006; url=https://www.iikx.com/sci/biology/10749.html
BIOCHIMICA ET BIOPHYSICA ACTA-MOLECULAR CELL RESEARCH,0167-4889,Q2,,iikx biology api,CAS biology class; subclass=生化与分子生物学; IF2024=4.3; eissn=1879-2596; url=https://www.iikx.com/sci/biology/10752.html
BIOFOULING,0892-7014,Q2,,iikx biology api,CAS biology class; subclass=生物工程与应用微生物; IF2024=2.5; eissn=1029-2454; url=https://www.iikx.com/sci/biology/10771.html
BIOLOGICAL TRACE ELEMENT RESEARCH,0163-4984,Q2,,iikx biology api,CAS biology class; subclass=生化与分子生物学; IF2024=4.3; eissn=1559-0720; url=https://www.iikx.com/sci/biology/10801.html
BIOLOGY OF REPRODUCTION,0006-3363,Q2,,iikx biology api,CAS biology class; subclass=生殖生物学; IF2024=3.2; eissn=1529-7268; url=https://www.iikx.com/sci/biology/10811.html
BIOMETALS,0966-0844,Q2,,iikx biology api,CAS biology class; subclass=生化与分子生物学; IF2024=4.0; eissn=1572-8773; url=https://www.iikx.com/sci/biology/10833.html
BIOMETRICS,0006-341X,Q2,,iikx biology api,CAS biology class; subclass=生物学; IF2024=1.6; eissn=1541-0420; url=https://www.iikx.com/sci/biology/10835.html
BIOPHYSICAL JOURNAL,0006-3495,Q2,,iikx biology api,CAS biology class; subclass=生物物理; IF2024=3.7; eissn=1542-0086; url=https://www.iikx.com/sci/biology/10846.html
BIOPOLYMERS,0006-3525,Q2,,iikx biology api,CAS biology class; subclass=生化与分子生物学; IF2024=2.9; eissn=1097-0282; url=https://www.iikx.com/sci/biology/10847.html
BIOSCIENCE REPORTS,0144-8463,Q2,,iikx biology api,CAS biology class; subclass=生化与分子生物学; IF2024=4.5; eissn=1573-4935; url=https://www.iikx.com/sci/biology/10857.html
BIOSYSTEMS,0303-2647,Q2,,iikx biology api,CAS biology class; subclass=生物学; IF2024=2.1; eissn=1872-8324; url=https://www.iikx.com/sci/biology/10860.html
BIRD STUDY,0006-3657,Q2,,iikx biology api,CAS biology class; subclass=鸟类学; IF2024=1.3; eissn=1944-6705; url=https://www.iikx.com/sci/biology/10880.html
BMB Reports,1976-6696,Q2,,iikx biology api,CAS biology class; subclass=生化与分子生物学; IF2024=4.1; eissn=1976-670X; url=https://www.iikx.com/sci/biology/10896.html
BMC BIOCHEMISTRY,1471-2091,Q2,,iikx biology api,CAS biology class; subclass=生化与分子生物学; IF2024=0.0; eissn=; url=https://www.iikx.com/sci/biology/10897.html
BMC EVOLUTIONARY BIOLOGY,1471-2148,Q2,,iikx biology api,CAS biology class; subclass=进化生物学; IF2024=0.0; eissn=; url=https://www.iikx.com/sci/biology/10906.html
BMC Ecology and Evolution,N/A,Q2,,iikx biology api,CAS biology class; subclass=; IF2024=2.7; eissn=2730-7182; url=https://www.iikx.com/sci/biology/30283.html
BMC GENOMICS,1471-2164,Q2,,iikx biology api,CAS biology class; subclass=生物工程与应用微生物; IF2024=3.9; eissn=1471-2164; url=https://www.iikx.com/sci/biology/10910.html
BMC MOLECULAR BIOLOGY,1471-2199,Q2,,iikx biology api,CAS biology class; subclass=生化与分子生物学; IF2024=0.0; eissn=; url=https://www.iikx.com/sci/biology/10921.html
BOTANICAL JOURNAL OF THE LINNEAN SOCIETY,0024-4074,Q2,,iikx biology api,CAS biology class; subclass=植物科学; IF2024=2.1; eissn=1095-8339; url=https://www.iikx.com/sci/biology/10951.html
BULLETIN OF ENTOMOLOGICAL RESEARCH,0007-4853,Q2,,iikx biology api,CAS biology class; subclass=昆虫学; IF2024=1.7; eissn=1475-2670; url=https://www.iikx.com/sci/biology/11046.html
BULLETIN OF MATHEMATICAL BIOLOGY,0092-8240,Q2,,iikx biology api,CAS biology class; subclass=生物学; IF2024=2.3; eissn=1522-9602; url=https://www.iikx.com/sci/biology/11053.html
Bio-Algorithms and Med-Systems,1895-9091,Q2,,iikx biology api,CAS biology class; subclass=; IF2024=2.5; eissn=1896-530X; url=https://www.iikx.com/sci/biology/28827.html
BioTech,N/A,Q2,,iikx biology api,CAS biology class; subclass=; IF2024=3.6; eissn=2673-6284; url=https://www.iikx.com/sci/biology/70486.html
Biocatalysis and Agricultural Biotechnology,N/A,Q2,,iikx biology api,CAS biology class; subclass=; IF2024=4.6; eissn=1878-8181; url=https://www.iikx.com/sci/biology/26178.html
Biochimica et Biophysica Acta-Gene Regulatory Mechanisms,1874-9399,Q2,,iikx biology api,CAS biology class; subclass=生化与分子生物学; IF2024=3.6; eissn=1876-4320; url=https://www.iikx.com/sci/biology/10748.html
Biofuels Bioproducts & Biorefining-Biofpr,1932-104X,Q2,,iikx biology api,CAS biology class; subclass=生物工程与应用微生物; IF2024=3.8; eissn=1932-1031; url=https://www.iikx.com/sci/biology/10772.html
Biologia Futura,2676-8615,Q2,,iikx biology api,CAS biology class; subclass=生物学; IF2024=2.1; eissn=2676-8607; url=https://www.iikx.com/sci/biology/21248.html
Biology Letters,1744-9561,Q2,,iikx biology api,CAS biology class; subclass=生物学; IF2024=2.7; eissn=1744-957X; url=https://www.iikx.com/sci/biology/10809.html
Biomicrofluidics,N/A,Q2,,iikx biology api,CAS biology class; subclass=生化研究方法; IF2024=2.7; eissn=1932-1058; url=https://www.iikx.com/sci/biology/10837.html
Biotechnology Journal,1860-6768,Q2,,iikx biology api,CAS biology class; subclass=生化研究方法; IF2024=3.7; eissn=1860-7314; url=https://www.iikx.com/sci/biology/10872.html
Botanical Studies,N/A,Q2,,iikx biology api,CAS biology class; subclass=植物科学; IF2024=3.3; eissn=1999-3110; url=https://www.iikx.com/sci/biology/10953.html
Briefings in Functional Genomics,2041-2649,Q2,,iikx biology api,CAS biology class; subclass=生物工程与应用微生物; IF2024=3.2; eissn=2041-2657; url=https://www.iikx.com/sci/biology/10996.html
CANADIAN JOURNAL OF PLANT SCIENCE,0008-4220,Q2,,iikx biology api,CAS biology class; subclass=农艺学; IF2024=1.7; eissn=1918-1833; url=https://www.iikx.com/sci/biology/11129.html
CANADIAN JOURNAL OF ZOOLOGY,0008-4301,Q2,,iikx biology api,CAS biology class; subclass=动物学; IF2024=1.4; eissn=1480-3283; url=https://www.iikx.com/sci/biology/11138.html
CELL BIOCHEMISTRY AND BIOPHYSICS,1085-9195,Q2,,iikx biology api,CAS biology class; subclass=生化与分子生物学; IF2024=3.0; eissn=1559-0283; url=https://www.iikx.com/sci/biology/11214.html
CELL BIOCHEMISTRY AND FUNCTION,0263-6484,Q2,,iikx biology api,CAS biology class; subclass=生化与分子生物学; IF2024=3.5; eissn=1099-0844; url=https://www.iikx.com/sci/biology/11215.html
CELL STRESS & CHAPERONES,1355-8145,Q2,,iikx biology api,CAS biology class; subclass=细胞生物学; IF2024=4.1; eissn=1466-1268; url=https://www.iikx.com/sci/biology/11228.html
CELLS TISSUES ORGANS,1422-6405,Q2,,iikx biology api,CAS biology class; subclass=解剖学与形态学; IF2024=2.2; eissn=1422-6421; url=https://www.iikx.com/sci/biology/11231.html
CELLULAR SIGNALLING,0898-6568,Q2,,iikx biology api,CAS biology class; subclass=细胞生物学; IF2024=4.7; eissn=1873-3913; url=https://www.iikx.com/sci/biology/11244.html
CHEMISTRY AND PHYSICS OF LIPIDS,0009-3084,Q2,,iikx biology api,CAS biology class; subclass=生化与分子生物学; IF2024=3.0; eissn=1873-2941; url=https://www.iikx.com/sci/biology/11317.html
CHROMOSOME RESEARCH,0967-3849,Q2,,iikx biology api,CAS biology class; subclass=生化与分子生物学; IF2024=2.6; eissn=1573-6849; url=https://www.iikx.com/sci/biology/11380.html
CHRONOBIOLOGY INTERNATIONAL,0742-0528,Q2,,iikx biology api,CAS biology class; subclass=生物学; IF2024=2.5; eissn=1525-6073; url=https://www.iikx.com/sci/biology/11382.html
CONTRIBUTIONS TO ZOOLOGY,1383-4517,Q2,,iikx biology api,CAS biology class; subclass=动物学; IF2024=1.8; eissn=1875-9866; url=https://www.iikx.com/sci/biology/11695.html
CRISPR Journal,2573-1599,Q2,,iikx biology api,CAS biology class; subclass=遗传学; IF2024=3.6; eissn=2573-1602; url=https://www.iikx.com/sci/biology/34400.html
CRYOBIOLOGY,0011-2240,Q2,,iikx biology api,CAS biology class; subclass=生物学; IF2024=2.6; eissn=1090-2392; url=https://www.iikx.com/sci/biology/11740.html
CRYPTOGAMIE ALGOLOGIE,0181-1568,Q2,,iikx biology api,CAS biology class; subclass=海洋与淡水生物学; IF2024=2.3; eissn=1776-0984; url=https://www.iikx.com/sci/biology/11744.html
CURRENT GENOMICS,1389-2029,Q2,,iikx biology api,CAS biology class; subclass=生化与分子生物学; IF2024=4.0; eissn=1875-5488; url=https://www.iikx.com/sci/biology/11773.html
CURRENT ISSUES IN MOLECULAR BIOLOGY,1467-3037,Q2,,iikx biology api,CAS biology class; subclass=生化与分子生物学; IF2024=4.1; eissn=1467-3045; url=https://www.iikx.com/sci/biology/11776.html
CURRENT OPINION IN CELL BIOLOGY,0955-0674,Q2,,iikx biology api,CAS biology class; subclass=细胞生物学; IF2024=6.2; eissn=1879-0410; url=https://www.iikx.com/sci/biology/11791.html
CYTOMETRY PART A,1552-4922,Q2,,iikx biology api,CAS biology class; subclass=生化研究方法; IF2024=2.9; eissn=1552-4930; url=https://www.iikx.com/sci/biology/11858.html
Capillarity,2709-2119,Q2,,iikx biology api,CAS biology class; subclass=; IF2024=6.7; eissn=2652-3310; url=https://www.iikx.com/sci/biology/72702.html
Cell Adhesion & Migration,1933-6918,Q2,,iikx biology api,CAS biology class; subclass=细胞生物学; IF2024=4.3; eissn=1933-6926; url=https://www.iikx.com/sci/biology/18007.html
Cell Division,N/A,Q2,,iikx biology api,CAS biology class; subclass=细胞生物学; IF2024=4.9; eissn=1747-1028; url=https://www.iikx.com/sci/biology/17918.html
Cells,N/A,Q2,,iikx biology api,CAS biology class; subclass=细胞生物学; IF2024=6.0; eissn=2073-4409; url=https://www.iikx.com/sci/biology/19561.html
Cells & Development,2667-2901,Q2,,iikx biology api,CAS biology class; subclass=; IF2024=2.5; eissn=2667-2901; url=https://www.iikx.com/sci/biology/31335.html
Cells and Development,2667-2901,Q2,,iikx biology api,CAS biology class; subclass=; IF2024=2.5; eissn=2667-2901; url=https://www.iikx.com/sci/biology/69186.html
Cellular Reprogramming,2152-4971,Q2,,iikx biology api,CAS biology class; subclass=生物工程与应用微生物; IF2024=2.7; eissn=2152-4998; url=https://www.iikx.com/sci/biology/11243.html
Cellular and Molecular Bioengineering,1865-5025,Q2,,iikx biology api,CAS biology class; subclass=生物物理; IF2024=3.5; eissn=1865-5033; url=https://www.iikx.com/sci/biology/11234.html
Channels,1933-6950,Q2,,iikx biology api,CAS biology class; subclass=生化与分子生物学; IF2024=5.0; eissn=1933-6969; url=https://www.iikx.com/sci/biology/11271.html
Comparative Biochemistry and Physiology D-Genomics & Proteomics,1744-117X,Q2,,iikx biology api,CAS biology class; subclass=生化与分子生物学; IF2024=2.9; eissn=1878-0407; url=https://www.iikx.com/sci/biology/11576.html
Computational and Structural Biotechnology Journal,2001-0370,Q2,,iikx biology api,CAS biology class; subclass=生化与分子生物学; IF2024=4.8; eissn=2001-0370; url=https://www.iikx.com/sci/biology/19572.html
Current Clinical Microbiology Reports,2196-5471,Q2,,iikx biology api,CAS biology class; subclass=; IF2024=4.6; eissn=2196-5471; url=https://www.iikx.com/sci/biology/27161.html
DEUTSCHE ENTOMOLOGISCHE ZEITSCHRIFT,1435-1951,Q2,,iikx biology api,CAS biology class; subclass=昆虫学; IF2024=1.4; eissn=1522-2403; url=https://www.iikx.com/sci/biology/11899.html
DEVELOPMENTAL DYNAMICS,1058-8388,Q2,,iikx biology api,CAS biology class; subclass=解剖学与形态学; IF2024=1.5; eissn=1097-0177; url=https://www.iikx.com/sci/biology/11912.html
DNA AND CELL BIOLOGY,1044-5498,Q2,,iikx biology api,CAS biology class; subclass=生化与分子生物学; IF2024=2.6; eissn=1557-7430; url=https://www.iikx.com/sci/biology/11978.html
DNA REPAIR,1568-7864,Q2,,iikx biology api,CAS biology class; subclass=遗传学; IF2024=3.2; eissn=1568-7856; url=https://www.iikx.com/sci/biology/11979.html
DNA RESEARCH,1340-2838,Q2,,iikx biology api,CAS biology class; subclass=遗传学; IF2024=2.8; eissn=1756-1663; url=https://www.iikx.com/sci/biology/11980.html
Database-The Journal of Biological Databases and Curation,1758-0463,Q2,,iikx biology api,CAS biology class; subclass=数学与计算生物学; IF2024=2.7; eissn=1758-0463; url=https://www.iikx.com/sci/biology/18030.html
Diversity-Basel,N/A,Q2,,iikx biology api,CAS biology class; subclass=生物多样性保护; IF2024=2.3; eissn=1424-2818; url=https://www.iikx.com/sci/biology/36693.html
ECOLOGICAL ENTOMOLOGY,0307-6946,Q2,,iikx biology api,CAS biology class; subclass=昆虫学; IF2024=1.8; eissn=1365-2311; url=https://www.iikx.com/sci/biology/12051.html
ENTOMOLOGIA EXPERIMENTALIS ET APPLICATA,0013-8703,Q2,,iikx biology api,CAS biology class; subclass=昆虫学; IF2024=1.9; eissn=1570-7458; url=https://www.iikx.com/sci/biology/12169.html
ENVIRONMENTAL ENTOMOLOGY,0046-225X,Q2,,iikx biology api,CAS biology class; subclass=昆虫学; IF2024=1.8; eissn=1938-2936; url=https://www.iikx.com/sci/biology/12190.html
ENVIRONMENTAL MICROBIOLOGY,1462-2912,Q2,,iikx biology api,CAS biology class; subclass=微生物学; IF2024=4.0; eissn=1462-2920; url=https://www.iikx.com/sci/biology/12197.html
ENZYME AND MICROBIAL TECHNOLOGY,0141-0229,Q2,,iikx biology api,CAS biology class; subclass=生物工程与应用微生物; IF2024=3.9; eissn=1879-0909; url=https://www.iikx.com/sci/biology/12215.html
ETHOLOGY,0179-1613,Q2,,iikx biology api,CAS biology class; subclass=行为科学; IF2024=1.3; eissn=1439-0310; url=https://www.iikx.com/sci/biology/12251.html
EUROPEAN JOURNAL OF CELL BIOLOGY,0171-9335,Q2,,iikx biology api,CAS biology class; subclass=细胞生物学; IF2024=4.3; eissn=1618-1298; url=https://www.iikx.com/sci/biology/12279.html
EUROPEAN JOURNAL OF CLINICAL MICROBIOLOGY & INFECTIOUS DISEASES,0934-9723,Q2,,iikx biology api,CAS biology class; subclass=; IF2024=3.2; eissn=1435-4373; url=https://www.iikx.com/sci/biology/33614.html
EUROPEAN JOURNAL OF ENTOMOLOGY,N/A,Q2,,iikx biology api,CAS biology class; subclass=昆虫学; IF2024=1.4; eissn=1802-8829; url=https://www.iikx.com/sci/biology/12293.html
EUROPEAN JOURNAL OF PHYCOLOGY,0967-0262,Q2,,iikx biology api,CAS biology class; subclass=海洋与淡水生物学; IF2024=2.2; eissn=1469-4433; url=https://www.iikx.com/sci/biology/12339.html
EUROPEAN JOURNAL OF WILDLIFE RESEARCH,1612-4642,Q2,,iikx biology api,CAS biology class; subclass=生态学; IF2024=1.8; eissn=1439-0574; url=https://www.iikx.com/sci/biology/12351.html
EVOLUTION & DEVELOPMENT,1520-541X,Q2,,iikx biology api,CAS biology class; subclass=发育生物学; IF2024=2.4; eissn=1525-142X; url=https://www.iikx.com/sci/biology/12380.html
Ecology and Evolution,2045-7758,Q2,,iikx biology api,CAS biology class; subclass=生态学; IF2024=2.6; eissn=2045-7758; url=https://www.iikx.com/sci/biology/18336.html
Emu-Austral Ornithology,0158-4197,Q2,,iikx biology api,CAS biology class; subclass=鸟类学; IF2024=1.3; eissn=1448-5540; url=https://www.iikx.com/sci/biology/12121.html
Endangered Species Research,1863-5407,Q2,,iikx biology api,CAS biology class; subclass=生物多样性保护; IF2024=2.6; eissn=1613-4796; url=https://www.iikx.com/sci/biology/19188.html
Epigenetics,1559-2294,Q2,,iikx biology api,CAS biology class; subclass=生化与分子生物学; IF2024=3.7; eissn=1559-2308; url=https://www.iikx.com/sci/biology/12222.html
Epigenomics,1750-1911,Q2,,iikx biology api,CAS biology class; subclass=遗传学; IF2024=3.1; eissn=1750-192X; url=https://www.iikx.com/sci/biology/17944.html
Ethnobiology Letters,2159-8126,Q2,,iikx biology api,CAS biology class; subclass=; IF2024=1.3; eissn=2159-8126; url=https://www.iikx.com/sci/biology/31182.html
European Journal of Microbiology and Immunology,2062-8633,Q2,,iikx biology api,CAS biology class; subclass=; IF2024=4.3; eissn=2062-8633; url=https://www.iikx.com/sci/biology/25503.html
European Journal of Obstetrics & Gynecology and Reproductive Biology,0301-2115,Q2,,iikx biology api,CAS biology class; subclass=; IF2024=2.3; eissn=1872-7654; url=https://www.iikx.com/sci/biology/37155.html
European Journal of Taxonomy,N/A,Q2,,iikx biology api,CAS biology class; subclass=昆虫学; IF2024=1.5; eissn=2118-9773; url=https://www.iikx.com/sci/biology/18953.html
European Zoological Journal,2475-0263,Q2,,iikx biology api,CAS biology class; subclass=动物学; IF2024=1.9; eissn=2475-0263; url=https://www.iikx.com/sci/other/19742.html
EvoDevo,N/A,Q2,,iikx biology api,CAS biology class; subclass=发育生物学; IF2024=2.6; eissn=2041-9139; url=https://www.iikx.com/sci/biology/18344.html
Evolutionary Applications,1752-4571,Q2,,iikx biology api,CAS biology class; subclass=进化生物学; IF2024=3.2; eissn=1752-4571; url=https://www.iikx.com/sci/biology/12382.html
Evolutionary Biology,0071-3260,Q2,,iikx biology api,CAS biology class; subclass=进化生物学; IF2024=2.6; eissn=1934-2845; url=https://www.iikx.com/sci/biology/12384.html
Expert Review of Proteomics,1478-9450,Q2,,iikx biology api,CAS biology class; subclass=生化研究方法; IF2024=2.9; eissn=1744-8387; url=https://www.iikx.com/sci/biology/12435.html
FEBS Journal,1742-464X,Q2,,iikx biology api,CAS biology class; subclass=生化与分子生物学; IF2024=4.2; eissn=1742-4658; url=https://www.iikx.com/sci/biology/12456.html
FEBS LETTERS,0014-5793,Q2,,iikx biology api,CAS biology class; subclass=生化与分子生物学; IF2024=3.1; eissn=1873-3468; url=https://www.iikx.com/sci/biology/12457.html
FEMS MICROBIOLOGY ECOLOGY,0168-6496,Q2,,iikx biology api,CAS biology class; subclass=微生物学; IF2024=4.1; eissn=1574-6941; url=https://www.iikx.com/sci/biology/12459.html
FEMS YEAST RESEARCH,1567-1356,Q2,,iikx biology api,CAS biology class; subclass=生物工程与应用微生物; IF2024=3.5; eissn=1567-1364; url=https://www.iikx.com/sci/biology/12462.html
FLORA,0367-2530,Q2,,iikx biology api,CAS biology class; subclass=生态学; IF2024=2.2; eissn=1618-0585; url=https://www.iikx.com/sci/biology/12499.html
FLORIDA ENTOMOLOGIST,0015-4040,Q2,,iikx biology api,CAS biology class; subclass=昆虫学; IF2024=1.5; eissn=1938-5102; url=https://www.iikx.com/sci/biology/12500.html
FOLIA ZOOLOGICA,0139-7893,Q2,,iikx biology api,CAS biology class; subclass=动物学; IF2024=0.0; eissn=1573-1189; url=https://www.iikx.com/sci/biology/12519.html
FUNCTIONAL & INTEGRATIVE GENOMICS,1438-793X,Q2,,iikx biology api,CAS biology class; subclass=遗传学; IF2024=4.0; eissn=1438-7948; url=https://www.iikx.com/sci/biology/12594.html
FUNCTIONAL PLANT BIOLOGY,1445-4408,Q2,,iikx biology api,CAS biology class; subclass=植物科学; IF2024=2.9; eissn=1445-4416; url=https://www.iikx.com/sci/biology/12599.html
FUNGAL GENETICS AND BIOLOGY,1087-1845,Q2,,iikx biology api,CAS biology class; subclass=遗传学; IF2024=3.0; eissn=1096-0937; url=https://www.iikx.com/sci/biology/12607.html
Frontiers in Bioscience-Landmark,2768-6701,Q2,,iikx biology api,CAS biology class; subclass=生化与分子生物学; IF2024=4.1; eissn=2768-6698; url=https://www.iikx.com/sci/biology/12580.html
Frontiers in Genetics,N/A,Q2,,iikx biology api,CAS biology class; subclass=遗传学; IF2024=3.0; eissn=1664-8021; url=https://www.iikx.com/sci/biology/19407.html
Frontiers in Molecular Biosciences,N/A,Q2,,iikx biology api,CAS biology class; subclass=生化与分子生物学; IF2024=4.4; eissn=2296-889X; url=https://www.iikx.com/sci/biology/27502.html
GENE,0378-1119,Q2,,iikx biology api,CAS biology class; subclass=遗传学; IF2024=2.7; eissn=1879-0038; url=https://www.iikx.com/sci/biology/12635.html
GENESIS,1526-954X,Q2,,iikx biology api,CAS biology class; subclass=发育生物学; IF2024=2.8; eissn=1526-968X; url=https://www.iikx.com/sci/biology/12652.html
GENOMICS,0888-7543,Q2,,iikx biology api,CAS biology class; subclass=生物工程与应用微生物; IF2024=3.6; eissn=1089-8646; url=https://www.iikx.com/sci/biology/12671.html
Genes,N/A,Q2,,iikx biology api,CAS biology class; subclass=遗传学; IF2024=3.1; eissn=2073-4425; url=https://www.iikx.com/sci/biology/18969.html
Genes and Nutrition,1555-8932,Q2,,iikx biology api,CAS biology class; subclass=遗传学; IF2024=2.8; eissn=1865-3499; url=https://www.iikx.com/sci/biology/12648.html
Genome Biology and Evolution,1759-6653,Q2,,iikx biology api,CAS biology class; subclass=进化生物学; IF2024=3.3; eissn=1759-6653; url=https://www.iikx.com/sci/biology/12669.html
Geobiology,1472-4677,Q2,,iikx biology api,CAS biology class; subclass=生物学; IF2024=2.7; eissn=1472-4669; url=https://www.iikx.com/sci/biology/12675.html
Global Change Biology Bioenergy,1757-1693,Q2,,iikx biology api,CAS biology class; subclass=农艺学; IF2024=4.9; eissn=1757-1707; url=https://www.iikx.com/sci/biology/12628.html
HEREDITAS,1601-5223,Q2,,iikx biology api,CAS biology class; subclass=遗传学; IF2024=2.6; eissn=1601-5223; url=https://www.iikx.com/sci/biology/19661.html
HEREDITY,0018-067X,Q2,,iikx biology api,CAS biology class; subclass=生态学; IF2024=2.6; eissn=1365-2540; url=https://www.iikx.com/sci/biology/12841.html
HERPETOLOGICAL MONOGRAPHS,0733-1347,Q2,,iikx biology api,CAS biology class; subclass=动物学; IF2024=1.6; eissn=1938-5137; url=https://www.iikx.com/sci/biology/12845.html
HISTOLOGY AND HISTOPATHOLOGY,0213-3911,Q2,,iikx biology api,CAS biology class; subclass=细胞生物学; IF2024=2.2; eissn=1699-5848; url=https://www.iikx.com/sci/biology/12865.html
HOMO-JOURNAL OF COMPARATIVE HUMAN BIOLOGY,0018-442X,Q2,,iikx biology api,CAS biology class; subclass=人类学; IF2024=1.1; eissn=1618-1301; url=https://www.iikx.com/sci/biology/22596.html
HUMAN BIOLOGY,0018-7143,Q2,,iikx biology api,CAS biology class; subclass=生物学; IF2024=0.0; eissn=1534-6617; url=https://www.iikx.com/sci/biology/12900.html
HUMAN GENETICS,0340-6717,Q2,,iikx biology api,CAS biology class; subclass=遗传学; IF2024=3.4; eissn=1432-1203; url=https://www.iikx.com/sci/biology/12906.html
HUMAN MOLECULAR GENETICS,0964-6906,Q2,,iikx biology api,CAS biology class; subclass=生化与分子生物学; IF2024=3.1; eissn=1460-2083; url=https://www.iikx.com/sci/biology/12909.html
HYDROBIOLOGIA,0018-8158,Q2,,iikx biology api,CAS biology class; subclass=海洋与淡水生物学; IF2024=2.4; eissn=1573-5117; url=https://www.iikx.com/sci/biology/12920.html
Human Vaccines & Immunotherapeutics,2164-5515,Q2,,iikx biology api,CAS biology class; subclass=; IF2024=4.2; eissn=2164-554X; url=https://www.iikx.com/sci/biology/34151.html
IMA Fungus,2210-6340,Q2,,iikx biology api,CAS biology class; subclass=真菌学; IF2024=4.0; eissn=2210-6359; url=https://www.iikx.com/sci/biology/19396.html
IN VITRO CELLULAR & DEVELOPMENTAL BIOLOGY-PLANT,1054-5476,Q2,,iikx biology api,CAS biology class; subclass=细胞生物学; IF2024=2.2; eissn=1475-2689; url=https://www.iikx.com/sci/biology/13125.html
INSECT SYSTEMATICS & EVOLUTION,1399-560X,Q2,,iikx biology api,CAS biology class; subclass=昆虫学; IF2024=1.9; eissn=1876-312X; url=https://www.iikx.com/sci/biology/13226.html
INSECTES SOCIAUX,0020-1812,Q2,,iikx biology api,CAS biology class; subclass=昆虫学; IF2024=1.7; eissn=1420-9098; url=https://www.iikx.com/sci/biology/13227.html
INTERNATIONAL BIODETERIORATION & BIODEGRADATION,0964-8305,Q2,,iikx biology api,CAS biology class; subclass=生物工程与应用微生物; IF2024=4.4; eissn=1879-0208; url=https://www.iikx.com/sci/biology/13259.html
INTERNATIONAL JOURNAL OF BIOCHEMISTRY & CELL BIOLOGY,1357-2725,Q2,,iikx biology api,CAS biology class; subclass=生化与分子生物学; IF2024=3.5; eissn=1878-5875; url=https://www.iikx.com/sci/biology/13303.html
INTERNATIONAL JOURNAL OF PEST MANAGEMENT,0967-0874,Q2,,iikx biology api,CAS biology class; subclass=昆虫学; IF2024=1.5; eissn=1366-5863; url=https://www.iikx.com/sci/biology/13476.html
INTERNATIONAL JOURNAL OF PRIMATOLOGY,0164-0291,Q2,,iikx biology api,CAS biology class; subclass=动物学; IF2024=1.3; eissn=1573-8604; url=https://www.iikx.com/sci/biology/13489.html
Infectious Disease Modelling,N/A,Q2,,iikx biology api,CAS biology class; subclass=; IF2024=3.1; eissn=2468-0427; url=https://www.iikx.com/sci/biology/29271.html
Innate Immunity,1753-4259,Q2,,iikx biology api,CAS biology class; subclass=生化与分子生物学; IF2024=3.5; eissn=1753-4267; url=https://www.iikx.com/sci/biology/13214.html
JAC-Antimicrobial Resistance,N/A,Q2,,iikx biology api,CAS biology class; subclass=; IF2024=3.9; eissn=2632-1823; url=https://www.iikx.com/sci/biology/29279.html
JOURNAL OF APICULTURAL RESEARCH,0021-8839,Q2,,iikx biology api,CAS biology class; subclass=昆虫学; IF2024=1.9; eissn=2078-6913; url=https://www.iikx.com/sci/biology/13756.html
JOURNAL OF APPLIED ENTOMOLOGY,0931-2048,Q2,,iikx biology api,CAS biology class; subclass=昆虫学; IF2024=1.8; eissn=1439-0418; url=https://www.iikx.com/sci/biology/13768.html
JOURNAL OF ASIA-PACIFIC ENTOMOLOGY,1226-8615,Q2,,iikx biology api,CAS biology class; subclass=昆虫学; IF2024=1.5; eissn=1876-7990; url=https://www.iikx.com/sci/biology/18703.html
JOURNAL OF BACTERIOLOGY,0021-9193,Q2,,iikx biology api,CAS biology class; subclass=微生物学; IF2024=3.8; eissn=1098-5530; url=https://www.iikx.com/sci/biology/13820.html
JOURNAL OF BIOCHEMICAL AND MOLECULAR TOXICOLOGY,1095-6670,Q2,,iikx biology api,CAS biology class; subclass=生化与分子生物学; IF2024=3.6; eissn=1099-0461; url=https://www.iikx.com/sci/biology/13824.html
JOURNAL OF BIOENERGETICS AND BIOMEMBRANES,0145-479X,Q2,,iikx biology api,CAS biology class; subclass=生物物理; IF2024=3.7; eissn=1573-6881; url=https://www.iikx.com/sci/biology/13826.html
JOURNAL OF BIOLOGICAL CHEMISTRY,N/A,Q2,,iikx biology api,CAS biology class; subclass=生化与分子生物学; IF2024=4.1; eissn=1083-351X; url=https://www.iikx.com/sci/biology/13829.html
JOURNAL OF BIOLOGICAL RHYTHMS,0748-7304,Q2,,iikx biology api,CAS biology class; subclass=生物学; IF2024=3.0; eissn=1552-4531; url=https://www.iikx.com/sci/biology/13835.html
JOURNAL OF BIOMECHANICS,0021-9290,Q2,,iikx biology api,CAS biology class; subclass=生物物理; IF2024=2.9; eissn=1873-2380; url=https://www.iikx.com/sci/biology/13840.html
JOURNAL OF BIOMOLECULAR NMR,0925-2738,Q2,,iikx biology api,CAS biology class; subclass=生化与分子生物学; IF2024=2.1; eissn=1573-5001; url=https://www.iikx.com/sci/biology/13848.html
JOURNAL OF CELL BIOLOGY,0021-9525,Q2,,iikx biology api,CAS biology class; subclass=细胞生物学; IF2024=6.1; eissn=1540-8140; url=https://www.iikx.com/sci/biology/13891.html
JOURNAL OF COMPUTATIONAL BIOLOGY,1066-5277,Q2,,iikx biology api,CAS biology class; subclass=生化研究方法; IF2024=1.3; eissn=1557-8666; url=https://www.iikx.com/sci/biology/13988.html
JOURNAL OF COMPUTER-AIDED MOLECULAR DESIGN,0920-654X,Q2,,iikx biology api,CAS biology class; subclass=生化与分子生物学; IF2024=3.0; eissn=1573-4951; url=https://www.iikx.com/sci/biology/13998.html
JOURNAL OF CRUSTACEAN BIOLOGY,0278-0372,Q2,,iikx biology api,CAS biology class; subclass=海洋与淡水生物学; IF2024=1.4; eissn=1937-240X; url=https://www.iikx.com/sci/biology/14018.html
JOURNAL OF ETHNOBIOLOGY,0278-0771,Q2,,iikx biology api,CAS biology class; subclass=生物学; IF2024=1.5; eissn=2162-4496; url=https://www.iikx.com/sci/biology/18719.html
JOURNAL OF ETHOLOGY,0289-0771,Q2,,iikx biology api,CAS biology class; subclass=行为科学; IF2024=1.5; eissn=1439-5444; url=https://www.iikx.com/sci/biology/14126.html
JOURNAL OF EXPERIMENTAL MARINE BIOLOGY AND ECOLOGY,0022-0981,Q2,,iikx biology api,CAS biology class; subclass=生态学; IF2024=2.1; eissn=1879-1697; url=https://www.iikx.com/sci/biology/14139.html
JOURNAL OF EXPERIMENTAL ZOOLOGY PART B-MOLECULAR AND DEVELOPMENTAL EVOLUTION,1552-5007,Q2,,iikx biology api,CAS biology class; subclass=发育生物学; IF2024=1.7; eissn=1552-5015; url=https://www.iikx.com/sci/biology/14148.html
JOURNAL OF FISH BIOLOGY,N/A,Q2,,iikx biology api,CAS biology class; subclass=渔业; IF2024=1.9; eissn=1095-8649; url=https://www.iikx.com/sci/biology/14157.html
JOURNAL OF HYMENOPTERA RESEARCH,1070-9428,Q2,,iikx biology api,CAS biology class; subclass=昆虫学; IF2024=1.7; eissn=1314-2607; url=https://www.iikx.com/sci/biology/14277.html
JOURNAL OF INDUSTRIAL MICROBIOLOGY & BIOTECHNOLOGY,1367-5435,Q2,,iikx biology api,CAS biology class; subclass=; IF2024=4.5; eissn=1476-5535; url=https://www.iikx.com/sci/biology/34482.html
JOURNAL OF INORGANIC BIOCHEMISTRY,0162-0134,Q2,,iikx biology api,CAS biology class; subclass=生化与分子生物学; IF2024=3.1; eissn=1873-3344; url=https://www.iikx.com/sci/biology/14309.html
JOURNAL OF LIPID RESEARCH,0022-2275,Q2,,iikx biology api,CAS biology class; subclass=生化与分子生物学; IF2024=4.9; eissn=1539-7262; url=https://www.iikx.com/sci/biology/14358.html
JOURNAL OF MAMMALOGY,0022-2372,Q2,,iikx biology api,CAS biology class; subclass=动物学; IF2024=1.7; eissn=1545-1542; url=https://www.iikx.com/sci/biology/14376.html
JOURNAL OF MATHEMATICAL BIOLOGY,0303-6812,Q2,,iikx biology api,CAS biology class; subclass=生物学; IF2024=2.7; eissn=1432-1416; url=https://www.iikx.com/sci/biology/14403.html
JOURNAL OF MEDICAL ENTOMOLOGY,0022-2585,Q2,,iikx biology api,CAS biology class; subclass=昆虫学; IF2024=2.1; eissn=1938-2928; url=https://www.iikx.com/sci/biology/14423.html
JOURNAL OF MEMBRANE BIOLOGY,0022-2631,Q2,,iikx biology api,CAS biology class; subclass=生化与分子生物学; IF2024=2.6; eissn=1432-1424; url=https://www.iikx.com/sci/biology/14438.html
JOURNAL OF MICROBIOLOGY,1225-8873,Q2,,iikx biology api,CAS biology class; subclass=微生物学; IF2024=3.8; eissn=1976-3794; url=https://www.iikx.com/sci/biology/14444.html
JOURNAL OF MICROBIOLOGY IMMUNOLOGY AND INFECTION,1684-1182,Q2,,iikx biology api,CAS biology class; subclass=免疫学; IF2024=3.8; eissn=1995-9133; url=https://www.iikx.com/sci/biology/14446.html
JOURNAL OF MICROPALAEONTOLOGY,0262-821X,Q2,,iikx biology api,CAS biology class; subclass=古生物学; IF2024=1.8; eissn=2041-4978; url=https://www.iikx.com/sci/biology/14450.html
JOURNAL OF MOLECULAR BIOLOGY,0022-2836,Q2,,iikx biology api,CAS biology class; subclass=生化与分子生物学; IF2024=4.7; eissn=1089-8638; url=https://www.iikx.com/sci/biology/14460.html
JOURNAL OF MOLECULAR GRAPHICS & MODELLING,1093-3263,Q2,,iikx biology api,CAS biology class; subclass=生化研究方法; IF2024=3.1; eissn=1873-4243; url=https://www.iikx.com/sci/biology/14466.html
JOURNAL OF NATURAL PRODUCTS,0163-3864,Q2,,iikx biology api,CAS biology class; subclass=药物化学; IF2024=3.7; eissn=1520-6025; url=https://www.iikx.com/sci/biology/14497.html
JOURNAL OF PLANKTON RESEARCH,0142-7873,Q2,,iikx biology api,CAS biology class; subclass=海洋与淡水生物学; IF2024=2.0; eissn=1464-3774; url=https://www.iikx.com/sci/biology/14674.html
JOURNAL OF PLANT BIOCHEMISTRY AND BIOTECHNOLOGY,0971-7811,Q2,,iikx biology api,CAS biology class; subclass=生化与分子生物学; IF2024=2.0; eissn=0974-1275; url=https://www.iikx.com/sci/biology/14675.html
JOURNAL OF PLANT BIOLOGY,1226-9239,Q2,,iikx biology api,CAS biology class; subclass=植物科学; IF2024=2.7; eissn=1867-0725; url=https://www.iikx.com/sci/biology/14676.html
JOURNAL OF PLANT RESEARCH,0918-9440,Q2,,iikx biology api,CAS biology class; subclass=植物科学; IF2024=2.2; eissn=1618-0860; url=https://www.iikx.com/sci/biology/14685.html
JOURNAL OF PROTEOME RESEARCH,1535-3893,Q2,,iikx biology api,CAS biology class; subclass=生化研究方法; IF2024=3.8; eissn=1535-3907; url=https://www.iikx.com/sci/biology/14709.html
JOURNAL OF RAPTOR RESEARCH,0892-1016,Q2,,iikx biology api,CAS biology class; subclass=鸟类学; IF2024=1.3; eissn=2162-4569; url=https://www.iikx.com/sci/biology/14733.html
JOURNAL OF REPRODUCTION AND DEVELOPMENT,0916-8818,Q2,,iikx biology api,CAS biology class; subclass=奶制品与动物科学; IF2024=2.1; eissn=1348-4400; url=https://www.iikx.com/sci/biology/14743.html
JOURNAL OF THE AMERICAN MOSQUITO CONTROL ASSOCIATION,8756-971X,Q2,,iikx biology api,CAS biology class; subclass=昆虫学; IF2024=1.4; eissn=1943-6270; url=https://www.iikx.com/sci/biology/14869.html
JOURNAL OF THE HISTORY OF BIOLOGY,0022-5010,Q2,,iikx biology api,CAS biology class; subclass=生物学; IF2024=0.7; eissn=1573-0387; url=https://www.iikx.com/sci/biology/14917.html
JOURNAL OF THEORETICAL BIOLOGY,0022-5193,Q2,,iikx biology api,CAS biology class; subclass=生物学; IF2024=1.9; eissn=1095-8541; url=https://www.iikx.com/sci/biology/14986.html
JOURNAL OF VECTOR ECOLOGY,1081-1710,Q2,,iikx biology api,CAS biology class; subclass=昆虫学; IF2024=1.5; eissn=1948-7134; url=https://www.iikx.com/sci/biology/15033.html
Journal of Biological Dynamics,1751-3758,Q2,,iikx biology api,CAS biology class; subclass=生态学; IF2024=2.7; eissn=1751-3766; url=https://www.iikx.com/sci/biology/19008.html
Journal of Computational Electronics,1569-8025,Q2,,iikx biology api,CAS biology class; subclass=工程：电子与电气; IF2024=2.8; eissn=1572-8137; url=https://www.iikx.com/sci/biology/18128.html
Journal of Cotton Research,2096-5044,Q2,,iikx biology api,CAS biology class; subclass=植物科学; IF2024=3.6; eissn=2523-3254; url=https://www.iikx.com/sci/biology/30037.html
Journal of Developmental Biology,N/A,Q2,,iikx biology api,CAS biology class; subclass=; IF2024=2.4; eissn=2221-3759; url=https://www.iikx.com/sci/biology/28434.html
Journal of Essential Oil Bearing Plants,0972-060X,Q2,,iikx biology api,CAS biology class; subclass=植物科学; IF2024=2.1; eissn=0976-5026; url=https://www.iikx.com/sci/biology/14121.html
Journal of Experimental Zoology Part A-Ecological and Integrative Physiology,2471-5638,Q2,,iikx biology api,CAS biology class; subclass=动物学; IF2024=1.6; eissn=2471-5646; url=https://www.iikx.com/sci/other/19685.html
Journal of Molecular Cell Biology,1674-2788,Q2,,iikx biology api,CAS biology class; subclass=细胞生物学; IF2024=6.0; eissn=1759-4685; url=https://www.iikx.com/sci/biology/17917.html
Journal of Plant Interactions,1742-9145,Q2,,iikx biology api,CAS biology class; subclass=植物科学; IF2024=3.3; eissn=1742-9153; url=https://www.iikx.com/sci/biology/17949.html
Journal of Proteomics,1874-3919,Q2,,iikx biology api,CAS biology class; subclass=生化研究方法; IF2024=3.1; eissn=1876-7737; url=https://www.iikx.com/sci/biology/14710.html
Journal of Structural Biology-X,N/A,Q2,,iikx biology api,CAS biology class; subclass=; IF2024=2.9; eissn=2590-1524; url=https://www.iikx.com/sci/biology/28511.html
Journal of Structural Biology: X,N/A,Q2,,iikx biology api,CAS biology class; subclass=; IF2024=2.9; eissn=2590-1524; url=https://www.iikx.com/sci/biology/68068.html
Journal of Systematics and Evolution,1674-4918,Q2,,iikx biology api,CAS biology class; subclass=植物科学; IF2024=3.2; eissn=1759-6831; url=https://www.iikx.com/sci/biology/17950.html
Journal of Vertebrate Biology,2694-7684,Q2,,iikx biology api,CAS biology class; subclass=动物学; IF2024=1.3; eissn=2694-7684; url=https://www.iikx.com/sci/biology/41226.html
Journal of the American Association for Laboratory Animal Science,1559-6109,Q2,,iikx biology api,CAS biology class; subclass=兽医学; IF2024=1.5; eissn=1559-6109; url=https://www.iikx.com/sci/biology/14853.html
LABORATORY ANIMALS,0023-6772,Q2,,iikx biology api,CAS biology class; subclass=兽医学; IF2024=1.3; eissn=1758-1117; url=https://www.iikx.com/sci/biology/15141.html
Legume Science,2639-6181,Q2,,iikx biology api,CAS biology class; subclass=; IF2024=4.4; eissn=2639-6181; url=https://www.iikx.com/sci/biology/73955.html
MACROMOLECULAR BIOSCIENCE,1616-5187,Q2,,iikx biology api,CAS biology class; subclass=生化与分子生物学; IF2024=4.2; eissn=1616-5195; url=https://www.iikx.com/sci/biology/15235.html
MAMMALIAN BIOLOGY,1616-5047,Q2,,iikx biology api,CAS biology class; subclass=动物学; IF2024=1.3; eissn=1618-1476; url=https://www.iikx.com/sci/biology/15264.html
MAMMALIAN GENOME,0938-8990,Q2,,iikx biology api,CAS biology class; subclass=生化与分子生物学; IF2024=2.6; eissn=1432-1777; url=https://www.iikx.com/sci/biology/15265.html
MARINE BIOLOGY,0025-3162,Q2,,iikx biology api,CAS biology class; subclass=海洋与淡水生物学; IF2024=2.3; eissn=1432-1793; url=https://www.iikx.com/sci/biology/15274.html
MARINE MAMMAL SCIENCE,0824-0469,Q2,,iikx biology api,CAS biology class; subclass=海洋与淡水生物学; IF2024=1.7; eissn=1748-7692; url=https://www.iikx.com/sci/biology/15287.html
MATHEMATICAL BIOSCIENCES,0025-5564,Q2,,iikx biology api,CAS biology class; subclass=生物学; IF2024=2.6; eissn=1879-3134; url=https://www.iikx.com/sci/biology/15333.html
MECHANISMS OF DEVELOPMENT,0925-4773,Q2,,iikx biology api,CAS biology class; subclass=发育生物学; IF2024=0.0; eissn=1872-6356; url=https://www.iikx.com/sci/biology/15390.html
MEDICAL & BIOLOGICAL ENGINEERING & COMPUTING,0140-0118,Q2,,iikx biology api,CAS biology class; subclass=; IF2024=3.1; eissn=1741-0444; url=https://www.iikx.com/sci/biology/36599.html
METHODS,1046-2023,Q2,,iikx biology api,CAS biology class; subclass=生化研究方法; IF2024=3.6; eissn=1095-9130; url=https://www.iikx.com/sci/biology/15465.html
MICROBIOLOGY-SGM,1350-0872,Q2,,iikx biology api,CAS biology class; subclass=微生物学; IF2024=4.3; eissn=1465-2080; url=https://www.iikx.com/sci/biology/15486.html
MOLECULAR AND CELLULAR BIOCHEMISTRY,0300-8177,Q2,,iikx biology api,CAS biology class; subclass=细胞生物学; IF2024=4.7; eissn=1573-4919; url=https://www.iikx.com/sci/biology/15548.html
MOLECULAR AND CELLULAR PROBES,0890-8508,Q2,,iikx biology api,CAS biology class; subclass=生化研究方法; IF2024=3.2; eissn=1096-1194; url=https://www.iikx.com/sci/biology/15552.html
MOLECULAR GENETICS AND METABOLISM,1096-7192,Q2,,iikx biology api,CAS biology class; subclass=内分泌学与代谢; IF2024=4.0; eissn=1096-7206; url=https://www.iikx.com/sci/biology/15573.html
MOLECULAR REPRODUCTION AND DEVELOPMENT,1040-452X,Q2,,iikx biology api,CAS biology class; subclass=生化与分子生物学; IF2024=2.6; eissn=1098-2795; url=https://www.iikx.com/sci/biology/15599.html
MUTAGENESIS,0267-8357,Q2,,iikx biology api,CAS biology class; subclass=遗传学; IF2024=3.1; eissn=1464-3804; url=https://www.iikx.com/sci/biology/15630.html
MUTATION RESEARCH-GENETIC TOXICOLOGY AND ENVIRONMENTAL MUTAGENESIS,1383-5718,Q2,,iikx biology api,CAS biology class; subclass=生物工程与应用微生物; IF2024=2.8; eissn=1879-3592; url=https://www.iikx.com/sci/biology/15632.html
MYCOBIOLOGY,1229-8093,Q2,,iikx biology api,CAS biology class; subclass=农艺学; IF2024=2.5; eissn=2092-9323; url=https://www.iikx.com/sci/biology/19287.html
Mammal Research,2199-2401,Q2,,iikx biology api,CAS biology class; subclass=动物学; IF2024=1.7; eissn=2199-241X; url=https://www.iikx.com/sci/biology/19277.html
Marine Ecology-An Evolutionary Perspective,0173-9565,Q2,,iikx biology api,CAS biology class; subclass=海洋与淡水生物学; IF2024=1.9; eissn=1439-0485; url=https://www.iikx.com/sci/biology/15279.html
Meat and Muscle Biology,N/A,Q2,,iikx biology api,CAS biology class; subclass=; IF2024=1.8; eissn=2575-985X; url=https://www.iikx.com/sci/biology/75724.html
Metabarcoding and Metagenomics,N/A,Q2,,iikx biology api,CAS biology class; subclass=; IF2024=3.5; eissn=2534-9708; url=https://www.iikx.com/sci/biology/68934.html
Metabolites,N/A,Q2,,iikx biology api,CAS biology class; subclass=生化与分子生物学; IF2024=4.5; eissn=2218-1989; url=https://www.iikx.com/sci/biology/29812.html
Microbial Cell,2311-2638,Q2,,iikx biology api,CAS biology class; subclass=; IF2024=4.1; eissn=2311-2638; url=https://www.iikx.com/sci/biology/32020.html
Microbiology Spectrum,N/A,Q2,,iikx biology api,CAS biology class; subclass=微生物学; IF2024=4.1; eissn=2165-0497; url=https://www.iikx.com/sci/biology/37842.html
MicrobiologyOpen,2045-8827,Q2,,iikx biology api,CAS biology class; subclass=微生物学; IF2024=3.6; eissn=2045-8827; url=https://www.iikx.com/sci/biology/19069.html
Microorganisms,N/A,Q2,,iikx biology api,CAS biology class; subclass=微生物学; IF2024=4.7; eissn=2076-2607; url=https://www.iikx.com/sci/biology/33770.html
Mycotoxin Research,0178-7888,Q2,,iikx biology api,CAS biology class; subclass=真菌学; IF2024=3.5; eissn=1867-1632; url=https://www.iikx.com/sci/biology/19290.html
NAR Genomics and Bioinformatics,N/A,Q2,,iikx biology api,CAS biology class; subclass=; IF2024=3.0; eissn=2631-9268; url=https://www.iikx.com/sci/biology/28527.html
NEOTROPICAL ENTOMOLOGY,1519-566X,Q2,,iikx biology api,CAS biology class; subclass=昆虫学; IF2024=1.8; eissn=1678-8052; url=https://www.iikx.com/sci/biology/15713.html
NEW ZEALAND JOURNAL OF BOTANY,0028-825X,Q2,,iikx biology api,CAS biology class; subclass=植物科学; IF2024=3.4; eissn=1175-8643; url=https://www.iikx.com/sci/biology/15827.html
NEW ZEALAND JOURNAL OF MARINE AND FRESHWATER RESEARCH,0028-8330,Q2,,iikx biology api,CAS biology class; subclass=渔业; IF2024=1.9; eissn=1175-8805; url=https://www.iikx.com/sci/biology/15831.html
NEW ZEALAND JOURNAL OF ZOOLOGY,0301-4223,Q2,,iikx biology api,CAS biology class; subclass=动物学; IF2024=1.3; eissn=1175-8821; url=https://www.iikx.com/sci/biology/15832.html
NITRIC OXIDE-BIOLOGY AND CHEMISTRY,1089-8603,Q2,,iikx biology api,CAS biology class; subclass=生化与分子生物学; IF2024=3.8; eissn=1089-8611; url=https://www.iikx.com/sci/biology/15840.html
Nucleus,1949-1034,Q2,,iikx biology api,CAS biology class; subclass=细胞生物学; IF2024=5.5; eissn=1949-1042; url=https://www.iikx.com/sci/biology/19083.html
ORGANISMS DIVERSITY & EVOLUTION,1439-6092,Q2,,iikx biology api,CAS biology class; subclass=进化生物学; IF2024=1.8; eissn=1618-1077; url=https://www.iikx.com/sci/biology/16022.html
Open Life Sciences,2391-5412,Q2,,iikx biology api,CAS biology class; subclass=生物学; IF2024=2.3; eissn=2391-5412; url=https://www.iikx.com/sci/biology/19300.html
Ornithology Research,2662-673X,Q2,,iikx biology api,CAS biology class; subclass=鸟类学; IF2024=1.4; eissn=; url=https://www.iikx.com/sci/biology/22892.html
Oxidative Medicine and Cellular Longevity,1942-0900,Q2,,iikx biology api,CAS biology class; subclass=细胞生物学; IF2024=0.0; eissn=1942-0994; url=https://www.iikx.com/sci/biology/16052.html
PHOTOCHEMICAL & PHOTOBIOLOGICAL SCIENCES,1474-905X,Q2,,iikx biology api,CAS biology class; subclass=生化与分子生物学; IF2024=3.5; eissn=1474-9092; url=https://www.iikx.com/sci/biology/16218.html
PHOTOSYNTHESIS RESEARCH,0166-8595,Q2,,iikx biology api,CAS biology class; subclass=植物科学; IF2024=3.8; eissn=1573-5079; url=https://www.iikx.com/sci/biology/16229.html
PHOTOSYNTHETICA,0300-3604,Q2,,iikx biology api,CAS biology class; subclass=植物科学; IF2024=2.0; eissn=1573-9058; url=https://www.iikx.com/sci/biology/16230.html
PHYCOLOGIA,0031-8884,Q2,,iikx biology api,CAS biology class; subclass=海洋与淡水生物学; IF2024=1.9; eissn=2330-2968; url=https://www.iikx.com/sci/biology/16231.html
PHYSIOLOGICAL AND BIOCHEMICAL ZOOLOGY,1522-2152,Q2,,iikx biology api,CAS biology class; subclass=生理学; IF2024=1.4; eissn=1537-5293; url=https://www.iikx.com/sci/biology/16286.html
PHYSIOLOGICAL ENTOMOLOGY,0307-6962,Q2,,iikx biology api,CAS biology class; subclass=昆虫学; IF2024=1.8; eissn=1365-3032; url=https://www.iikx.com/sci/biology/16288.html
PHYSIOLOGY AND MOLECULAR BIOLOGY OF PLANTS,0971-5894,Q2,,iikx biology api,CAS biology class; subclass=植物科学; IF2024=3.6; eissn=0974-0430; url=https://www.iikx.com/sci/biology/19319.html
PHYTOCHEMICAL ANALYSIS,0958-0344,Q2,,iikx biology api,CAS biology class; subclass=生化研究方法; IF2024=2.9; eissn=1099-1565; url=https://www.iikx.com/sci/biology/16296.html
PHYTOCHEMISTRY,0031-9422,Q2,,iikx biology api,CAS biology class; subclass=生化与分子生物学; IF2024=3.4; eissn=1873-3700; url=https://www.iikx.com/sci/biology/16297.html
PHYTON-INTERNATIONAL JOURNAL OF EXPERIMENTAL BOTANY,0031-9457,Q2,,iikx biology api,CAS biology class; subclass=植物科学; IF2024=2.0; eissn=1851-5657; url=https://www.iikx.com/sci/biology/16303.html
PHYTOPARASITICA,0334-2123,Q2,,iikx biology api,CAS biology class; subclass=农艺学; IF2024=1.6; eissn=1876-7184; url=https://www.iikx.com/sci/biology/16304.html
PLANT BIOLOGY,1435-8603,Q2,,iikx biology api,CAS biology class; subclass=植物科学; IF2024=3.4; eissn=1438-8677; url=https://www.iikx.com/sci/biology/16317.html
PLANT CELL TISSUE AND ORGAN CULTURE,0167-6857,Q2,,iikx biology api,CAS biology class; subclass=生物工程与应用微生物; IF2024=2.8; eissn=1573-5044; url=https://www.iikx.com/sci/biology/16326.html
PLANT MOLECULAR BIOLOGY,0167-4412,Q2,,iikx biology api,CAS biology class; subclass=生化与分子生物学; IF2024=3.7; eissn=1573-5028; url=https://www.iikx.com/sci/biology/16336.html
PLANT MOLECULAR BIOLOGY REPORTER,0735-9640,Q2,,iikx biology api,CAS biology class; subclass=生化研究方法; IF2024=2.0; eissn=1572-9818; url=https://www.iikx.com/sci/biology/16337.html
PLoS Genetics,1553-7404,Q2,,iikx biology api,CAS biology class; subclass=遗传学; IF2024=3.9; eissn=1553-7404; url=https://www.iikx.com/sci/biology/18489.html
PLoS One,1932-6203,Q2,,iikx biology api,CAS biology class; subclass=综合性期刊; IF2024=2.8; eissn=1932-6203; url=https://www.iikx.com/sci/biology/16368.html
PRESLIA,0032-7786,Q2,,iikx biology api,CAS biology class; subclass=植物科学; IF2024=3.3; eissn=2570-950X; url=https://www.iikx.com/sci/biology/16433.html
PRIMATES,0032-8332,Q2,,iikx biology api,CAS biology class; subclass=动物学; IF2024=1.5; eissn=1610-7365; url=https://www.iikx.com/sci/biology/16438.html
PROCESS BIOCHEMISTRY,1359-5113,Q2,,iikx biology api,CAS biology class; subclass=生化与分子生物学; IF2024=4.4; eissn=1873-3298; url=https://www.iikx.com/sci/biology/16497.html
PROTEIN ENGINEERING DESIGN & SELECTION,1741-0126,Q2,,iikx biology api,CAS biology class; subclass=生化与分子生物学; IF2024=3.5; eissn=1741-0134; url=https://www.iikx.com/sci/biology/16552.html
PROTEINS-STRUCTURE FUNCTION AND BIOINFORMATICS,0887-3585,Q2,,iikx biology api,CAS biology class; subclass=生化与分子生物学; IF2024=3.3; eissn=1097-0134; url=https://www.iikx.com/sci/biology/34693.html
PROTEOMICS,1615-9853,Q2,,iikx biology api,CAS biology class; subclass=生化研究方法; IF2024=4.1; eissn=1615-9861; url=https://www.iikx.com/sci/biology/16557.html
PROTOPLASMA,0033-183X,Q2,,iikx biology api,CAS biology class; subclass=细胞生物学; IF2024=2.7; eissn=1615-6102; url=https://www.iikx.com/sci/biology/16559.html
Palaeobiodiversity and Palaeoenvironments,1867-1594,Q2,,iikx biology api,CAS biology class; subclass=生物多样性保护; IF2024=1.8; eissn=1867-1608; url=https://www.iikx.com/sci/biology/19307.html
PeerJ,2167-8359,Q2,,iikx biology api,CAS biology class; subclass=综合性期刊; IF2024=2.9; eissn=2167-8359; url=https://www.iikx.com/sci/biology/19092.html
Physica Medica-European Journal of Medical Physics,1120-1797,Q2,,iikx biology api,CAS biology class; subclass=核医学; IF2024=2.7; eissn=1724-191X; url=https://www.iikx.com/sci/biology/16239.html
Phytobiomes Journal,N/A,Q2,,iikx biology api,CAS biology class; subclass=微生物学; IF2024=2.8; eissn=2471-2906; url=https://www.iikx.com/sci/biology/33544.html
Plant Direct,N/A,Q2,,iikx biology api,CAS biology class; subclass=植物科学; IF2024=2.8; eissn=2475-4455; url=https://www.iikx.com/sci/biology/36029.html
Plant Gene,2352-4073,Q2,,iikx biology api,CAS biology class; subclass=; IF2024=2.3; eissn=2352-4073; url=https://www.iikx.com/sci/biology/66488.html
Plant Physiology Reports,2662-253X,Q2,,iikx biology api,CAS biology class; subclass=; IF2024=2.6; eissn=2662-2548; url=https://www.iikx.com/sci/biology/67309.html
Plant Reproduction,2194-7953,Q2,,iikx biology api,CAS biology class; subclass=植物科学; IF2024=2.6; eissn=2194-7961; url=https://www.iikx.com/sci/biology/18812.html
Proteomes,N/A,Q2,,iikx biology api,CAS biology class; subclass=; IF2024=4.3; eissn=2227-7382; url=https://www.iikx.com/sci/biology/33091.html
Psyche-A Journal of Entomology,0033-2615,Q2,,iikx biology api,CAS biology class; subclass=; IF2024=1.4; eissn=1687-7438; url=https://www.iikx.com/sci/biology/28714.html
QUARTERLY REVIEW OF BIOLOGY,0033-5770,Q2,,iikx biology api,CAS biology class; subclass=生物学; IF2024=3.0; eissn=1539-7718; url=https://www.iikx.com/sci/biology/16639.html
Quantitative Plant Biology,N/A,Q2,,iikx biology api,CAS biology class; subclass=; IF2024=2.1; eissn=2632-8828; url=https://www.iikx.com/sci/biology/70953.html
REPRODUCTION,1470-1626,Q2,,iikx biology api,CAS biology class; subclass=发育生物学; IF2024=3.4; eissn=1741-7899; url=https://www.iikx.com/sci/biology/16714.html
REPRODUCTIVE TOXICOLOGY,0890-6238,Q2,,iikx biology api,CAS biology class; subclass=生殖生物学; IF2024=3.4; eissn=1873-1708; url=https://www.iikx.com/sci/biology/16721.html
RESEARCH IN MICROBIOLOGY,0923-2508,Q2,,iikx biology api,CAS biology class; subclass=微生物学; IF2024=4.4; eissn=1769-7123; url=https://www.iikx.com/sci/biology/16725.html
RNA,1355-8382,Q2,,iikx biology api,CAS biology class; subclass=生化与分子生物学; IF2024=4.3; eissn=1469-9001; url=https://www.iikx.com/sci/biology/16881.html
RNA Biology,1547-6286,Q2,,iikx biology api,CAS biology class; subclass=生化与分子生物学; IF2024=4.1; eissn=1555-8584; url=https://www.iikx.com/sci/biology/16880.html
RSC Chemical Biology,2633-0679,Q2,,iikx biology api,CAS biology class; subclass=; IF2024=3.9; eissn=2633-0679; url=https://www.iikx.com/sci/biology/31013.html
SALAMANDRA,0036-3375,Q2,,iikx biology api,CAS biology class; subclass=动物学; IF2024=1.3; eissn=0036-3375; url=https://www.iikx.com/sci/biology/18830.html
SCIENTIA MARINA,0214-8358,Q2,,iikx biology api,CAS biology class; subclass=海洋与淡水生物学; IF2024=1.8; eissn=1886-8134; url=https://www.iikx.com/sci/biology/16989.html
SEED SCIENCE RESEARCH,0960-2585,Q2,,iikx biology api,CAS biology class; subclass=植物科学; IF2024=2.1; eissn=1475-2735; url=https://www.iikx.com/sci/biology/17002.html
SLAS Discovery,2472-5552,Q2,,iikx biology api,CAS biology class; subclass=生化研究方法; IF2024=3.3; eissn=2472-5560; url=https://www.iikx.com/sci/biology/19761.html
SOUTH AFRICAN JOURNAL OF BOTANY,0254-6299,Q2,,iikx biology api,CAS biology class; subclass=植物科学; IF2024=3.1; eissn=1727-9321; url=https://www.iikx.com/sci/biology/17141.html
Statistics in Biopharmaceutical Research,1946-6315,Q2,,iikx biology api,CAS biology class; subclass=数学与计算生物学; IF2024=1.6; eissn=1946-6315; url=https://www.iikx.com/sci/biology/18240.html
Synthetic and Systems Biotechnology,2405-805X,Q2,,iikx biology api,CAS biology class; subclass=生物工程与应用微生物; IF2024=4.8; eissn=2405-805X; url=https://www.iikx.com/sci/biology/33980.html
THEORY IN BIOSCIENCES,1431-7613,Q2,,iikx biology api,CAS biology class; subclass=生物学; IF2024=2.0; eissn=1611-7530; url=https://www.iikx.com/sci/biology/17362.html
TURKISH JOURNAL OF ZOOLOGY,1300-0179,Q2,,iikx biology api,CAS biology class; subclass=动物学; IF2024=1.6; eissn=1303-6114; url=https://www.iikx.com/sci/biology/17524.html
Theoretical and Experimental Plant Physiology,2197-0025,Q2,,iikx biology api,CAS biology class; subclass=植物科学; IF2024=2.4; eissn=2197-0025; url=https://www.iikx.com/sci/biology/19353.html
Toxins,N/A,Q2,,iikx biology api,CAS biology class; subclass=毒理学; IF2024=4.0; eissn=2072-6651; url=https://www.iikx.com/sci/biology/18530.html
Transcription-Austin,2154-1264,Q2,,iikx biology api,CAS biology class; subclass=; IF2024=3.8; eissn=2154-1272; url=https://www.iikx.com/sci/biology/31056.html
Tree Genetics & Genomes,1614-2942,Q2,,iikx biology api,CAS biology class; subclass=林学; IF2024=2.1; eissn=1614-2950; url=https://www.iikx.com/sci/biology/50339.html
Tropical Plant Biology,1935-9756,Q2,,iikx biology api,CAS biology class; subclass=植物科学; IF2024=2.1; eissn=1935-9764; url=https://www.iikx.com/sci/biology/19116.html
URSUS,1537-6176,Q2,,iikx biology api,CAS biology class; subclass=动物学; IF2024=0.6; eissn=1938-5439; url=https://www.iikx.com/sci/biology/17555.html
WILDLIFE RESEARCH,1035-3712,Q2,,iikx biology api,CAS biology class; subclass=生态学; IF2024=1.9; eissn=1448-5494; url=https://www.iikx.com/sci/biology/17662.html
WORLD JOURNAL OF MICROBIOLOGY & BIOTECHNOLOGY,0959-3993,Q2,,iikx biology api,CAS biology class; subclass=; IF2024=4.7; eissn=1573-0972; url=https://www.iikx.com/sci/biology/34487.html
Wiley Interdisciplinary Reviews-RNA,1757-7004,Q2,,iikx biology api,CAS biology class; subclass=细胞生物学; IF2024=4.4; eissn=1757-7012; url=https://www.iikx.com/sci/biology/18542.html
World Journal of Stem Cells,1948-0210,Q2,,iikx biology api,CAS biology class; subclass=细胞与组织工程; IF2024=4.9; eissn=1948-0210; url=https://www.iikx.com/sci/biology/19570.html
ZOO BIOLOGY,0733-3188,Q2,,iikx biology api,CAS biology class; subclass=兽医学; IF2024=1.5; eissn=1098-2361; url=https://www.iikx.com/sci/biology/17739.html
ZOOLOGICAL STUDIES,1021-5506,Q2,,iikx biology api,CAS biology class; subclass=动物学; IF2024=1.4; eissn=1810-522X; url=https://www.iikx.com/sci/biology/17745.html
ZOOLOGISCHER ANZEIGER,0044-5231,Q2,,iikx biology api,CAS biology class; subclass=动物学; IF2024=1.3; eissn=0044-5231; url=https://www.iikx.com/sci/biology/17747.html
ZOOLOGY,0944-2006,Q2,,iikx biology api,CAS biology class; subclass=动物学; IF2024=1.5; eissn=1873-2720; url=https://www.iikx.com/sci/biology/17749.html
ZOOSYSTEMA,1280-9551,Q2,,iikx biology api,CAS biology class; subclass=动物学; IF2024=1.3; eissn=1638-9387; url=https://www.iikx.com/sci/biology/17753.html
ZooKeys,1313-2989,Q2,,iikx biology api,CAS biology class; subclass=动物学; IF2024=1.5; eissn=1313-2970; url=https://www.iikx.com/sci/biology/17740.html
Zoosystematics and Evolution,1860-0743,Q2,,iikx biology api,CAS biology class; subclass=动物学; IF2024=1.4; eissn=1860-0743; url=https://www.iikx.com/sci/biology/19362.html
mSphere,N/A,Q2,,iikx biology api,CAS biology class; subclass=微生物学; IF2024=4.0; eissn=2379-5042; url=https://www.iikx.com/sci/biology/19532.html
mSystems,N/A,Q2,,iikx biology api,CAS biology class; subclass=微生物学; IF2024=5.2; eissn=2379-5077; url=https://www.iikx.com/sci/biology/19550.html
